[{"model": "admin.logentry", "pk": 1, "fields": {"action_time": "2021-02-18T15:13:48.513Z", "user": 1, "content_type": 8, "object_id": "1", "object_repr": "BlogType object (1)", "action_flag": 1, "change_message": "[{\"added\": {}}]"}}, {"model": "admin.logentry", "pk": 2, "fields": {"action_time": "2021-02-18T15:13:58.388Z", "user": 1, "content_type": 8, "object_id": "2", "object_repr": "BlogType object (2)", "action_flag": 1, "change_message": "[{\"added\": {}}]"}}, {"model": "admin.logentry", "pk": 3, "fields": {"action_time": "2021-02-18T15:14:03.194Z", "user": 1, "content_type": 8, "object_id": "3", "object_repr": "BlogType object (3)", "action_flag": 1, "change_message": "[{\"added\": {}}]"}}, {"model": "admin.logentry", "pk": 4, "fields": {"action_time": "2021-02-18T15:17:12.620Z", "user": 1, "content_type": 7, "object_id": "1", "object_repr": "<Blog: 第一篇博客>", "action_flag": 1, "change_message": "[{\"added\": {}}]"}}, {"model": "admin.logentry", "pk": 5, "fields": {"action_time": "2021-02-19T01:39:00.763Z", "user": 1, "content_type": 7, "object_id": "2", "object_repr": "<Blog: 第二篇博客>", "action_flag": 1, "change_message": "[{\"added\": {}}]"}}, {"model": "admin.logentry", "pk": 6, "fields": {"action_time": "2021-02-19T01:44:11.299Z", "user": 1, "content_type": 7, "object_id": "2", "object_repr": "<Blog: 第二篇博客>", "action_flag": 3, "change_message": ""}}, {"model": "admin.logentry", "pk": 7, "fields": {"action_time": "2021-02-19T01:44:11.302Z", "user": 1, "content_type": 7, "object_id": "1", "object_repr": "<Blog: 第一篇博客>", "action_flag": 3, "change_message": ""}}, {"model": "admin.logentry", "pk": 8, "fields": {"action_time": "2021-02-19T01:45:50.978Z", "user": 1, "content_type": 7, "object_id": "3", "object_repr": "<Blog: 长内容的博客>", "action_flag": 1, "change_message": "[{\"added\": {}}]"}}, {"model": "admin.logentry", "pk": 9, "fields": {"action_time": "2021-02-19T02:21:40.578Z", "user": 1, "content_type": 7, "object_id": "4", "object_repr": "<Blog: 随笔2>", "action_flag": 1, "change_message": "[{\"added\": {}}]"}}, {"model": "admin.logentry", "pk": 10, "fields": {"action_time": "2021-02-19T02:22:05.646Z", "user": 1, "content_type": 7, "object_id": "5", "object_repr": "<Blog: Django1>", "action_flag": 1, "change_message": "[{\"added\": {}}]"}}, {"model": "admin.logentry", "pk": 11, "fields": {"action_time": "2021-01-08T13:17:07.268Z", "user": 1, "content_type": 7, "object_id": "37", "object_repr": "<Blog: 时间机器>", "action_flag": 1, "change_message": "[{\"added\": {}}]"}}, {"model": "admin.logentry", "pk": 12, "fields": {"action_time": "2021-02-21T02:50:44.994Z", "user": 1, "content_type": 7, "object_id": "3", "object_repr": "<Blog: 长内容的博客>", "action_flag": 2, "change_message": "[{\"changed\": {\"fields\": [\"Content\"]}}]"}}, {"model": "admin.logentry", "pk": 13, "fields": {"action_time": "2021-02-21T04:58:30.954Z", "user": 1, "content_type": 7, "object_id": "3", "object_repr": "<Blog: 长内容的博客>", "action_flag": 2, "change_message": "[{\"changed\": {\"fields\": [\"Content\"]}}]"}}, {"model": "admin.logentry", "pk": 14, "fields": {"action_time": "2021-02-21T05:00:04.477Z", "user": 1, "content_type": 7, "object_id": "3", "object_repr": "<Blog: 长内容的博客>", "action_flag": 2, "change_message": "[{\"changed\": {\"fields\": [\"Content\"]}}]"}}, {"model": "admin.logentry", "pk": 15, "fields": {"action_time": "2021-02-21T05:54:59.454Z", "user": 1, "content_type": 7, "object_id": "3", "object_repr": "<Blog: 长内容的博客>", "action_flag": 2, "change_message": "[{\"changed\": {\"fields\": [\"Content\"]}}]"}}, {"model": "admin.logentry", "pk": 16, "fields": {"action_time": "2021-02-21T05:57:47.957Z", "user": 1, "content_type": 7, "object_id": "3", "object_repr": "<Blog: 长内容的博客>", "action_flag": 2, "change_message": "[{\"changed\": {\"fields\": [\"Content\"]}}]"}}, {"model": "admin.logentry", "pk": 17, "fields": {"action_time": "2021-02-21T06:43:52.591Z", "user": 1, "content_type": 7, "object_id": "37", "object_repr": "<Blog: 时间机器>", "action_flag": 2, "change_message": "[{\"changed\": {\"fields\": [\"Content\"]}}]"}}, {"model": "admin.logentry", "pk": 18, "fields": {"action_time": "2021-02-21T06:47:37.259Z", "user": 1, "content_type": 7, "object_id": "36", "object_repr": "<Blog: for 30>", "action_flag": 2, "change_message": "[{\"changed\": {\"fields\": [\"Content\"]}}]"}}, {"model": "admin.logentry", "pk": 19, "fields": {"action_time": "2021-02-21T06:48:32.090Z", "user": 1, "content_type": 7, "object_id": "36", "object_repr": "<Blog: for 30>", "action_flag": 2, "change_message": "[{\"changed\": {\"fields\": [\"Content\"]}}]"}}, {"model": "admin.logentry", "pk": 20, "fields": {"action_time": "2021-02-21T06:49:45.155Z", "user": 1, "content_type": 7, "object_id": "35", "object_repr": "<Blog: for 29>", "action_flag": 2, "change_message": "[{\"changed\": {\"fields\": [\"Content\"]}}]"}}, {"model": "admin.logentry", "pk": 21, "fields": {"action_time": "2021-02-21T09:36:16.454Z", "user": 1, "content_type": 9, "object_id": "1", "object_repr": "ReadNum object (1)", "action_flag": 1, "change_message": "[{\"added\": {}}]"}}, {"model": "admin.logentry", "pk": 22, "fields": {"action_time": "2021-02-21T13:27:59.363Z", "user": 1, "content_type": 10, "object_id": "1", "object_repr": "ReadDetail object (1)", "action_flag": 1, "change_message": "[{\"added\": {}}]"}}, {"model": "admin.logentry", "pk": 23, "fields": {"action_time": "2021-02-21T14:24:40.468Z", "user": 1, "content_type": 10, "object_id": "5", "object_repr": "ReadDetail object (5)", "action_flag": 1, "change_message": "[{\"added\": {}}]"}}, {"model": "admin.logentry", "pk": 24, "fields": {"action_time": "2021-02-21T14:25:26.722Z", "user": 1, "content_type": 10, "object_id": "5", "object_repr": "ReadDetail object (5)", "action_flag": 2, "change_message": "[{\"changed\": {\"fields\": [\"Date\"]}}]"}}, {"model": "admin.logentry", "pk": 25, "fields": {"action_time": "2021-02-21T14:31:01.521Z", "user": 1, "content_type": 10, "object_id": "6", "object_repr": "ReadDetail object (6)", "action_flag": 1, "change_message": "[{\"added\": {}}]"}}, {"model": "admin.logentry", "pk": 26, "fields": {"action_time": "2021-02-21T14:31:14.678Z", "user": 1, "content_type": 10, "object_id": "7", "object_repr": "ReadDetail object (7)", "action_flag": 1, "change_message": "[{\"added\": {}}]"}}, {"model": "admin.logentry", "pk": 27, "fields": {"action_time": "2021-02-21T17:46:51.914Z", "user": 1, "content_type": 10, "object_id": "8", "object_repr": "ReadDetail object (8)", "action_flag": 1, "change_message": "[{\"added\": {}}]"}}, {"model": "admin.logentry", "pk": 28, "fields": {"action_time": "2021-02-21T17:47:09.577Z", "user": 1, "content_type": 10, "object_id": "8", "object_repr": "ReadDetail object (8)", "action_flag": 2, "change_message": "[{\"changed\": {\"fields\": [\"Date\"]}}]"}}, {"model": "admin.logentry", "pk": 29, "fields": {"action_time": "2021-02-21T17:47:14.570Z", "user": 1, "content_type": 10, "object_id": "8", "object_repr": "ReadDetail object (8)", "action_flag": 2, "change_message": "[{\"changed\": {\"fields\": [\"Date\"]}}]"}}, {"model": "admin.logentry", "pk": 30, "fields": {"action_time": "2021-02-21T17:47:30.798Z", "user": 1, "content_type": 10, "object_id": "8", "object_repr": "ReadDetail object (8)", "action_flag": 2, "change_message": "[{\"changed\": {\"fields\": [\"Date\", \"Object id\"]}}]"}}, {"model": "admin.logentry", "pk": 31, "fields": {"action_time": "2021-02-21T17:47:43.871Z", "user": 1, "content_type": 10, "object_id": "8", "object_repr": "ReadDetail object (8)", "action_flag": 3, "change_message": ""}}, {"model": "admin.logentry", "pk": 32, "fields": {"action_time": "2021-02-21T17:47:55.301Z", "user": 1, "content_type": 10, "object_id": "9", "object_repr": "ReadDetail object (9)", "action_flag": 1, "change_message": "[{\"added\": {}}]"}}, {"model": "admin.logentry", "pk": 33, "fields": {"action_time": "2021-02-21T17:48:28.805Z", "user": 1, "content_type": 10, "object_id": "9", "object_repr": "ReadDetail object (9)", "action_flag": 2, "change_message": "[{\"changed\": {\"fields\": [\"Date\"]}}]"}}, {"model": "admin.logentry", "pk": 34, "fields": {"action_time": "2021-02-21T18:02:53.729Z", "user": 1, "content_type": 10, "object_id": "10", "object_repr": "ReadDetail object (10)", "action_flag": 1, "change_message": "[{\"added\": {}}]"}}, {"model": "admin.logentry", "pk": 35, "fields": {"action_time": "2021-02-22T02:56:49.231Z", "user": 1, "content_type": 10, "object_id": "13", "object_repr": "ReadDetail object (13)", "action_flag": 3, "change_message": ""}}, {"model": "admin.logentry", "pk": 36, "fields": {"action_time": "2021-02-22T02:56:49.233Z", "user": 1, "content_type": 10, "object_id": "12", "object_repr": "ReadDetail object (12)", "action_flag": 3, "change_message": ""}}, {"model": "admin.logentry", "pk": 37, "fields": {"action_time": "2021-02-22T02:56:49.235Z", "user": 1, "content_type": 10, "object_id": "11", "object_repr": "ReadDetail object (11)", "action_flag": 3, "change_message": ""}}, {"model": "admin.logentry", "pk": 38, "fields": {"action_time": "2021-02-22T02:56:49.236Z", "user": 1, "content_type": 10, "object_id": "10", "object_repr": "ReadDetail object (10)", "action_flag": 3, "change_message": ""}}, {"model": "admin.logentry", "pk": 39, "fields": {"action_time": "2021-02-22T02:56:49.237Z", "user": 1, "content_type": 10, "object_id": "9", "object_repr": "ReadDetail object (9)", "action_flag": 3, "change_message": ""}}, {"model": "admin.logentry", "pk": 40, "fields": {"action_time": "2021-02-22T02:56:49.238Z", "user": 1, "content_type": 10, "object_id": "7", "object_repr": "ReadDetail object (7)", "action_flag": 3, "change_message": ""}}, {"model": "admin.logentry", "pk": 41, "fields": {"action_time": "2021-02-22T02:56:49.239Z", "user": 1, "content_type": 10, "object_id": "6", "object_repr": "ReadDetail object (6)", "action_flag": 3, "change_message": ""}}, {"model": "admin.logentry", "pk": 42, "fields": {"action_time": "2021-02-22T02:56:49.241Z", "user": 1, "content_type": 10, "object_id": "5", "object_repr": "ReadDetail object (5)", "action_flag": 3, "change_message": ""}}, {"model": "admin.logentry", "pk": 43, "fields": {"action_time": "2021-02-22T02:56:49.243Z", "user": 1, "content_type": 10, "object_id": "4", "object_repr": "ReadDetail object (4)", "action_flag": 3, "change_message": ""}}, {"model": "admin.logentry", "pk": 44, "fields": {"action_time": "2021-02-22T02:56:49.244Z", "user": 1, "content_type": 10, "object_id": "3", "object_repr": "ReadDetail object (3)", "action_flag": 3, "change_message": ""}}, {"model": "admin.logentry", "pk": 45, "fields": {"action_time": "2021-02-22T02:56:49.246Z", "user": 1, "content_type": 10, "object_id": "2", "object_repr": "ReadDetail object (2)", "action_flag": 3, "change_message": ""}}, {"model": "admin.logentry", "pk": 46, "fields": {"action_time": "2021-02-22T02:56:49.247Z", "user": 1, "content_type": 10, "object_id": "1", "object_repr": "ReadDetail object (1)", "action_flag": 3, "change_message": ""}}, {"model": "admin.logentry", "pk": 47, "fields": {"action_time": "2021-02-22T02:57:51.206Z", "user": 1, "content_type": 10, "object_id": "14", "object_repr": "ReadDetail object (14)", "action_flag": 1, "change_message": "[{\"added\": {}}]"}}, {"model": "admin.logentry", "pk": 48, "fields": {"action_time": "2021-02-22T02:58:05.534Z", "user": 1, "content_type": 10, "object_id": "15", "object_repr": "ReadDetail object (15)", "action_flag": 1, "change_message": "[{\"added\": {}}]"}}, {"model": "admin.logentry", "pk": 49, "fields": {"action_time": "2021-02-22T02:58:23.599Z", "user": 1, "content_type": 10, "object_id": "16", "object_repr": "ReadDetail object (16)", "action_flag": 1, "change_message": "[{\"added\": {}}]"}}, {"model": "admin.logentry", "pk": 50, "fields": {"action_time": "2021-02-22T02:58:30.425Z", "user": 1, "content_type": 10, "object_id": "17", "object_repr": "ReadDetail object (17)", "action_flag": 1, "change_message": "[{\"added\": {}}]"}}, {"model": "admin.logentry", "pk": 51, "fields": {"action_time": "2021-02-22T03:00:08.773Z", "user": 1, "content_type": 10, "object_id": "17", "object_repr": "ReadDetail object (17)", "action_flag": 3, "change_message": ""}}, {"model": "admin.logentry", "pk": 52, "fields": {"action_time": "2021-02-22T03:00:08.775Z", "user": 1, "content_type": 10, "object_id": "14", "object_repr": "ReadDetail object (14)", "action_flag": 3, "change_message": ""}}, {"model": "admin.logentry", "pk": 53, "fields": {"action_time": "2021-02-22T03:00:08.776Z", "user": 1, "content_type": 10, "object_id": "15", "object_repr": "ReadDetail object (15)", "action_flag": 3, "change_message": ""}}, {"model": "admin.logentry", "pk": 54, "fields": {"action_time": "2021-02-22T03:00:08.778Z", "user": 1, "content_type": 10, "object_id": "16", "object_repr": "ReadDetail object (16)", "action_flag": 3, "change_message": ""}}, {"model": "admin.logentry", "pk": 55, "fields": {"action_time": "2021-02-22T03:01:51.347Z", "user": 1, "content_type": 10, "object_id": "1", "object_repr": "ReadDetail object (1)", "action_flag": 1, "change_message": "[{\"added\": {}}]"}}, {"model": "admin.logentry", "pk": 56, "fields": {"action_time": "2021-02-22T03:02:04.640Z", "user": 1, "content_type": 10, "object_id": "2", "object_repr": "ReadDetail object (2)", "action_flag": 1, "change_message": "[{\"added\": {}}]"}}, {"model": "admin.logentry", "pk": 57, "fields": {"action_time": "2021-02-22T03:02:18.248Z", "user": 1, "content_type": 10, "object_id": "3", "object_repr": "ReadDetail object (3)", "action_flag": 1, "change_message": "[{\"added\": {}}]"}}, {"model": "admin.logentry", "pk": 58, "fields": {"action_time": "2021-02-22T03:02:32.113Z", "user": 1, "content_type": 10, "object_id": "4", "object_repr": "ReadDetail object (4)", "action_flag": 1, "change_message": "[{\"added\": {}}]"}}, {"model": "admin.logentry", "pk": 59, "fields": {"action_time": "2021-02-22T03:11:48.242Z", "user": 1, "content_type": 10, "object_id": "5", "object_repr": "ReadDetail object (5)", "action_flag": 1, "change_message": "[{\"added\": {}}]"}}, {"model": "admin.logentry", "pk": 60, "fields": {"action_time": "2021-02-22T03:12:17.611Z", "user": 1, "content_type": 10, "object_id": "6", "object_repr": "ReadDetail object (6)", "action_flag": 1, "change_message": "[{\"added\": {}}]"}}, {"model": "admin.logentry", "pk": 61, "fields": {"action_time": "2021-02-23T06:35:48.706Z", "user": 1, "content_type": 11, "object_id": "1", "object_repr": "Comment object (1)", "action_flag": 1, "change_message": "[{\"added\": {}}]"}}, {"model": "admin.logentry", "pk": 62, "fields": {"action_time": "2021-02-23T06:36:19.306Z", "user": 1, "content_type": 11, "object_id": "2", "object_repr": "Comment object (2)", "action_flag": 1, "change_message": "[{\"added\": {}}]"}}, {"model": "admin.logentry", "pk": 63, "fields": {"action_time": "2021-02-24T05:06:31.833Z", "user": 1, "content_type": 11, "object_id": "54", "object_repr": "Comment object (54)", "action_flag": 1, "change_message": "[{\"added\": {}}]"}}, {"model": "admin.logentry", "pk": 64, "fields": {"action_time": "2021-02-24T05:14:25.589Z", "user": 1, "content_type": 11, "object_id": "54", "object_repr": "Comment object (54)", "action_flag": 3, "change_message": ""}}, {"model": "admin.logentry", "pk": 65, "fields": {"action_time": "2021-02-24T05:15:46.732Z", "user": 1, "content_type": 11, "object_id": "53", "object_repr": "Comment object (53)", "action_flag": 3, "change_message": ""}}, {"model": "admin.logentry", "pk": 66, "fields": {"action_time": "2021-02-24T05:15:46.734Z", "user": 1, "content_type": 11, "object_id": "52", "object_repr": "Comment object (52)", "action_flag": 3, "change_message": ""}}, {"model": "admin.logentry", "pk": 67, "fields": {"action_time": "2021-02-24T05:15:46.735Z", "user": 1, "content_type": 11, "object_id": "51", "object_repr": "Comment object (51)", "action_flag": 3, "change_message": ""}}, {"model": "admin.logentry", "pk": 68, "fields": {"action_time": "2021-02-24T05:15:46.737Z", "user": 1, "content_type": 11, "object_id": "50", "object_repr": "Comment object (50)", "action_flag": 3, "change_message": ""}}, {"model": "admin.logentry", "pk": 69, "fields": {"action_time": "2021-02-24T05:15:46.738Z", "user": 1, "content_type": 11, "object_id": "49", "object_repr": "Comment object (49)", "action_flag": 3, "change_message": ""}}, {"model": "admin.logentry", "pk": 70, "fields": {"action_time": "2021-02-24T05:15:46.739Z", "user": 1, "content_type": 11, "object_id": "48", "object_repr": "Comment object (48)", "action_flag": 3, "change_message": ""}}, {"model": "admin.logentry", "pk": 71, "fields": {"action_time": "2021-02-24T05:15:46.740Z", "user": 1, "content_type": 11, "object_id": "47", "object_repr": "Comment object (47)", "action_flag": 3, "change_message": ""}}, {"model": "admin.logentry", "pk": 72, "fields": {"action_time": "2021-02-24T05:15:46.742Z", "user": 1, "content_type": 11, "object_id": "46", "object_repr": "Comment object (46)", "action_flag": 3, "change_message": ""}}, {"model": "admin.logentry", "pk": 73, "fields": {"action_time": "2021-02-24T05:15:46.743Z", "user": 1, "content_type": 11, "object_id": "45", "object_repr": "Comment object (45)", "action_flag": 3, "change_message": ""}}, {"model": "admin.logentry", "pk": 74, "fields": {"action_time": "2021-02-24T05:15:46.744Z", "user": 1, "content_type": 11, "object_id": "44", "object_repr": "Comment object (44)", "action_flag": 3, "change_message": ""}}, {"model": "admin.logentry", "pk": 75, "fields": {"action_time": "2021-02-24T05:15:46.745Z", "user": 1, "content_type": 11, "object_id": "43", "object_repr": "Comment object (43)", "action_flag": 3, "change_message": ""}}, {"model": "admin.logentry", "pk": 76, "fields": {"action_time": "2021-02-24T05:15:46.746Z", "user": 1, "content_type": 11, "object_id": "42", "object_repr": "Comment object (42)", "action_flag": 3, "change_message": ""}}, {"model": "admin.logentry", "pk": 77, "fields": {"action_time": "2021-02-24T05:15:46.747Z", "user": 1, "content_type": 11, "object_id": "41", "object_repr": "Comment object (41)", "action_flag": 3, "change_message": ""}}, {"model": "admin.logentry", "pk": 78, "fields": {"action_time": "2021-02-24T05:15:46.748Z", "user": 1, "content_type": 11, "object_id": "40", "object_repr": "Comment object (40)", "action_flag": 3, "change_message": ""}}, {"model": "admin.logentry", "pk": 79, "fields": {"action_time": "2021-02-24T05:15:46.749Z", "user": 1, "content_type": 11, "object_id": "39", "object_repr": "Comment object (39)", "action_flag": 3, "change_message": ""}}, {"model": "admin.logentry", "pk": 80, "fields": {"action_time": "2021-02-24T05:15:46.750Z", "user": 1, "content_type": 11, "object_id": "38", "object_repr": "Comment object (38)", "action_flag": 3, "change_message": ""}}, {"model": "admin.logentry", "pk": 81, "fields": {"action_time": "2021-02-24T05:15:46.752Z", "user": 1, "content_type": 11, "object_id": "37", "object_repr": "Comment object (37)", "action_flag": 3, "change_message": ""}}, {"model": "admin.logentry", "pk": 82, "fields": {"action_time": "2021-02-24T05:15:46.753Z", "user": 1, "content_type": 11, "object_id": "36", "object_repr": "Comment object (36)", "action_flag": 3, "change_message": ""}}, {"model": "admin.logentry", "pk": 83, "fields": {"action_time": "2021-02-24T05:15:46.754Z", "user": 1, "content_type": 11, "object_id": "35", "object_repr": "Comment object (35)", "action_flag": 3, "change_message": ""}}, {"model": "admin.logentry", "pk": 84, "fields": {"action_time": "2021-02-24T05:15:46.755Z", "user": 1, "content_type": 11, "object_id": "34", "object_repr": "Comment object (34)", "action_flag": 3, "change_message": ""}}, {"model": "admin.logentry", "pk": 85, "fields": {"action_time": "2021-02-24T05:15:46.756Z", "user": 1, "content_type": 11, "object_id": "33", "object_repr": "Comment object (33)", "action_flag": 3, "change_message": ""}}, {"model": "admin.logentry", "pk": 86, "fields": {"action_time": "2021-02-24T05:15:46.757Z", "user": 1, "content_type": 11, "object_id": "32", "object_repr": "Comment object (32)", "action_flag": 3, "change_message": ""}}, {"model": "admin.logentry", "pk": 87, "fields": {"action_time": "2021-02-24T05:15:46.758Z", "user": 1, "content_type": 11, "object_id": "31", "object_repr": "Comment object (31)", "action_flag": 3, "change_message": ""}}, {"model": "admin.logentry", "pk": 88, "fields": {"action_time": "2021-02-24T05:15:46.759Z", "user": 1, "content_type": 11, "object_id": "30", "object_repr": "Comment object (30)", "action_flag": 3, "change_message": ""}}, {"model": "admin.logentry", "pk": 89, "fields": {"action_time": "2021-02-24T05:15:46.760Z", "user": 1, "content_type": 11, "object_id": "29", "object_repr": "Comment object (29)", "action_flag": 3, "change_message": ""}}, {"model": "admin.logentry", "pk": 90, "fields": {"action_time": "2021-02-24T05:15:46.761Z", "user": 1, "content_type": 11, "object_id": "28", "object_repr": "Comment object (28)", "action_flag": 3, "change_message": ""}}, {"model": "admin.logentry", "pk": 91, "fields": {"action_time": "2021-02-24T05:15:46.763Z", "user": 1, "content_type": 11, "object_id": "27", "object_repr": "Comment object (27)", "action_flag": 3, "change_message": ""}}, {"model": "admin.logentry", "pk": 92, "fields": {"action_time": "2021-02-24T05:15:46.764Z", "user": 1, "content_type": 11, "object_id": "26", "object_repr": "Comment object (26)", "action_flag": 3, "change_message": ""}}, {"model": "admin.logentry", "pk": 93, "fields": {"action_time": "2021-02-24T05:15:46.765Z", "user": 1, "content_type": 11, "object_id": "25", "object_repr": "Comment object (25)", "action_flag": 3, "change_message": ""}}, {"model": "admin.logentry", "pk": 94, "fields": {"action_time": "2021-02-24T05:15:46.766Z", "user": 1, "content_type": 11, "object_id": "24", "object_repr": "Comment object (24)", "action_flag": 3, "change_message": ""}}, {"model": "admin.logentry", "pk": 95, "fields": {"action_time": "2021-02-24T05:15:46.766Z", "user": 1, "content_type": 11, "object_id": "23", "object_repr": "Comment object (23)", "action_flag": 3, "change_message": ""}}, {"model": "admin.logentry", "pk": 96, "fields": {"action_time": "2021-02-24T05:15:46.767Z", "user": 1, "content_type": 11, "object_id": "22", "object_repr": "Comment object (22)", "action_flag": 3, "change_message": ""}}, {"model": "admin.logentry", "pk": 97, "fields": {"action_time": "2021-02-24T05:15:46.768Z", "user": 1, "content_type": 11, "object_id": "21", "object_repr": "Comment object (21)", "action_flag": 3, "change_message": ""}}, {"model": "admin.logentry", "pk": 98, "fields": {"action_time": "2021-02-24T05:15:46.769Z", "user": 1, "content_type": 11, "object_id": "20", "object_repr": "Comment object (20)", "action_flag": 3, "change_message": ""}}, {"model": "admin.logentry", "pk": 99, "fields": {"action_time": "2021-02-24T05:15:46.770Z", "user": 1, "content_type": 11, "object_id": "19", "object_repr": "Comment object (19)", "action_flag": 3, "change_message": ""}}, {"model": "admin.logentry", "pk": 100, "fields": {"action_time": "2021-02-24T05:15:46.771Z", "user": 1, "content_type": 11, "object_id": "18", "object_repr": "Comment object (18)", "action_flag": 3, "change_message": ""}}, {"model": "admin.logentry", "pk": 101, "fields": {"action_time": "2021-02-24T05:15:46.772Z", "user": 1, "content_type": 11, "object_id": "17", "object_repr": "Comment object (17)", "action_flag": 3, "change_message": ""}}, {"model": "admin.logentry", "pk": 102, "fields": {"action_time": "2021-02-24T05:15:46.773Z", "user": 1, "content_type": 11, "object_id": "16", "object_repr": "Comment object (16)", "action_flag": 3, "change_message": ""}}, {"model": "admin.logentry", "pk": 103, "fields": {"action_time": "2021-02-24T05:15:46.774Z", "user": 1, "content_type": 11, "object_id": "15", "object_repr": "Comment object (15)", "action_flag": 3, "change_message": ""}}, {"model": "admin.logentry", "pk": 104, "fields": {"action_time": "2021-02-24T05:15:46.775Z", "user": 1, "content_type": 11, "object_id": "14", "object_repr": "Comment object (14)", "action_flag": 3, "change_message": ""}}, {"model": "admin.logentry", "pk": 105, "fields": {"action_time": "2021-02-24T05:15:46.776Z", "user": 1, "content_type": 11, "object_id": "13", "object_repr": "Comment object (13)", "action_flag": 3, "change_message": ""}}, {"model": "admin.logentry", "pk": 106, "fields": {"action_time": "2021-02-24T05:15:46.777Z", "user": 1, "content_type": 11, "object_id": "12", "object_repr": "Comment object (12)", "action_flag": 3, "change_message": ""}}, {"model": "admin.logentry", "pk": 107, "fields": {"action_time": "2021-02-24T05:15:46.778Z", "user": 1, "content_type": 11, "object_id": "11", "object_repr": "Comment object (11)", "action_flag": 3, "change_message": ""}}, {"model": "admin.logentry", "pk": 108, "fields": {"action_time": "2021-02-24T05:15:46.779Z", "user": 1, "content_type": 11, "object_id": "10", "object_repr": "Comment object (10)", "action_flag": 3, "change_message": ""}}, {"model": "admin.logentry", "pk": 109, "fields": {"action_time": "2021-02-24T05:15:46.780Z", "user": 1, "content_type": 11, "object_id": "9", "object_repr": "Comment object (9)", "action_flag": 3, "change_message": ""}}, {"model": "admin.logentry", "pk": 110, "fields": {"action_time": "2021-02-24T05:15:46.781Z", "user": 1, "content_type": 11, "object_id": "8", "object_repr": "Comment object (8)", "action_flag": 3, "change_message": ""}}, {"model": "admin.logentry", "pk": 111, "fields": {"action_time": "2021-02-24T05:15:46.782Z", "user": 1, "content_type": 11, "object_id": "7", "object_repr": "Comment object (7)", "action_flag": 3, "change_message": ""}}, {"model": "admin.logentry", "pk": 112, "fields": {"action_time": "2021-02-24T05:15:46.783Z", "user": 1, "content_type": 11, "object_id": "6", "object_repr": "Comment object (6)", "action_flag": 3, "change_message": ""}}, {"model": "admin.logentry", "pk": 113, "fields": {"action_time": "2021-02-24T05:15:46.784Z", "user": 1, "content_type": 11, "object_id": "5", "object_repr": "Comment object (5)", "action_flag": 3, "change_message": ""}}, {"model": "admin.logentry", "pk": 114, "fields": {"action_time": "2021-02-24T05:15:46.785Z", "user": 1, "content_type": 11, "object_id": "4", "object_repr": "Comment object (4)", "action_flag": 3, "change_message": ""}}, {"model": "admin.logentry", "pk": 115, "fields": {"action_time": "2021-02-24T05:15:46.786Z", "user": 1, "content_type": 11, "object_id": "3", "object_repr": "Comment object (3)", "action_flag": 3, "change_message": ""}}, {"model": "admin.logentry", "pk": 116, "fields": {"action_time": "2021-02-24T05:15:46.787Z", "user": 1, "content_type": 11, "object_id": "2", "object_repr": "Comment object (2)", "action_flag": 3, "change_message": ""}}, {"model": "admin.logentry", "pk": 117, "fields": {"action_time": "2021-02-24T05:15:46.788Z", "user": 1, "content_type": 11, "object_id": "1", "object_repr": "Comment object (1)", "action_flag": 3, "change_message": ""}}, {"model": "admin.logentry", "pk": 118, "fields": {"action_time": "2021-02-24T05:18:00.296Z", "user": 1, "content_type": 11, "object_id": "2", "object_repr": "Comment object (2)", "action_flag": 1, "change_message": "[{\"added\": {}}]"}}, {"model": "admin.logentry", "pk": 119, "fields": {"action_time": "2021-02-24T05:19:19.208Z", "user": 1, "content_type": 11, "object_id": "3", "object_repr": "Comment object (3)", "action_flag": 1, "change_message": "[{\"added\": {}}]"}}, {"model": "admin.logentry", "pk": 120, "fields": {"action_time": "2021-02-24T05:33:26.695Z", "user": 1, "content_type": 11, "object_id": "4", "object_repr": "hahaha", "action_flag": 1, "change_message": "[{\"added\": {}}]"}}, {"model": "admin.logentry", "pk": 121, "fields": {"action_time": "2021-02-24T05:39:11.691Z", "user": 1, "content_type": 11, "object_id": "4", "object_repr": "hahaha", "action_flag": 3, "change_message": ""}}, {"model": "admin.logentry", "pk": 122, "fields": {"action_time": "2021-02-24T05:39:11.693Z", "user": 1, "content_type": 11, "object_id": "3", "object_repr": "23", "action_flag": 3, "change_message": ""}}, {"model": "admin.logentry", "pk": 123, "fields": {"action_time": "2021-02-24T05:39:11.694Z", "user": 1, "content_type": 11, "object_id": "2", "object_repr": "1", "action_flag": 3, "change_message": ""}}, {"model": "admin.logentry", "pk": 124, "fields": {"action_time": "2021-02-24T05:39:52.601Z", "user": 1, "content_type": 11, "object_id": "6", "object_repr": "test", "action_flag": 1, "change_message": "[{\"added\": {}}]"}}, {"model": "admin.logentry", "pk": 125, "fields": {"action_time": "2021-02-24T05:40:20.746Z", "user": 1, "content_type": 11, "object_id": "7", "object_repr": "as", "action_flag": 1, "change_message": "[{\"added\": {}}]"}}, {"model": "admin.logentry", "pk": 126, "fields": {"action_time": "2021-02-24T12:10:44.524Z", "user": 1, "content_type": 11, "object_id": "1", "object_repr": "<p>test</p>", "action_flag": 3, "change_message": ""}}, {"model": "admin.logentry", "pk": 127, "fields": {"action_time": "2021-02-24T12:28:47.891Z", "user": 1, "content_type": 11, "object_id": "1", "object_repr": "<p>test</p>", "action_flag": 3, "change_message": ""}}, {"model": "admin.logentry", "pk": 128, "fields": {"action_time": "2021-02-24T12:29:37.548Z", "user": 1, "content_type": 11, "object_id": "71", "object_repr": "<p>c</p>", "action_flag": 3, "change_message": ""}}, {"model": "admin.logentry", "pk": 129, "fields": {"action_time": "2021-02-25T06:56:48.900Z", "user": 1, "content_type": 14, "object_id": "1", "object_repr": "<Profile: T_Knight for admin>", "action_flag": 1, "change_message": "[{\"added\": {}}]"}}, {"model": "admin.logentry", "pk": 130, "fields": {"action_time": "2021-02-25T07:43:00.044Z", "user": 1, "content_type": 4, "object_id": "3", "object_repr": "user_2", "action_flag": 3, "change_message": ""}}, {"model": "admin.logentry", "pk": 131, "fields": {"action_time": "2021-02-25T13:06:40.829Z", "user": 1, "content_type": 4, "object_id": "1", "object_repr": "admin", "action_flag": 2, "change_message": "[{\"changed\": {\"fields\": [\"Email address\"]}}]"}}, {"model": "admin.logentry", "pk": 132, "fields": {"action_time": "2021-02-25T16:58:14.775Z", "user": 1, "content_type": 4, "object_id": "1", "object_repr": "admin", "action_flag": 2, "change_message": "[{\"changed\": {\"fields\": [\"Email address\"]}}]"}}, {"model": "admin.logentry", "pk": 133, "fields": {"action_time": "2021-02-25T17:00:41.088Z", "user": 1, "content_type": 4, "object_id": "2", "object_repr": "user_1", "action_flag": 2, "change_message": "[{\"changed\": {\"fields\": [\"Email address\"]}}]"}}, {"model": "admin.logentry", "pk": 134, "fields": {"action_time": "2021-02-25T17:00:47.489Z", "user": 1, "content_type": 4, "object_id": "4", "object_repr": "user_2", "action_flag": 2, "change_message": "[{\"changed\": {\"fields\": [\"Email address\"]}}]"}}, {"model": "auth.permission", "pk": 1, "fields": {"name": "Can add log entry", "content_type": 1, "codename": "add_logentry"}}, {"model": "auth.permission", "pk": 2, "fields": {"name": "Can change log entry", "content_type": 1, "codename": "change_logentry"}}, {"model": "auth.permission", "pk": 3, "fields": {"name": "Can delete log entry", "content_type": 1, "codename": "delete_logentry"}}, {"model": "auth.permission", "pk": 4, "fields": {"name": "Can view log entry", "content_type": 1, "codename": "view_logentry"}}, {"model": "auth.permission", "pk": 5, "fields": {"name": "Can add permission", "content_type": 2, "codename": "add_permission"}}, {"model": "auth.permission", "pk": 6, "fields": {"name": "Can change permission", "content_type": 2, "codename": "change_permission"}}, {"model": "auth.permission", "pk": 7, "fields": {"name": "Can delete permission", "content_type": 2, "codename": "delete_permission"}}, {"model": "auth.permission", "pk": 8, "fields": {"name": "Can view permission", "content_type": 2, "codename": "view_permission"}}, {"model": "auth.permission", "pk": 9, "fields": {"name": "Can add group", "content_type": 3, "codename": "add_group"}}, {"model": "auth.permission", "pk": 10, "fields": {"name": "Can change group", "content_type": 3, "codename": "change_group"}}, {"model": "auth.permission", "pk": 11, "fields": {"name": "Can delete group", "content_type": 3, "codename": "delete_group"}}, {"model": "auth.permission", "pk": 12, "fields": {"name": "Can view group", "content_type": 3, "codename": "view_group"}}, {"model": "auth.permission", "pk": 13, "fields": {"name": "Can add user", "content_type": 4, "codename": "add_user"}}, {"model": "auth.permission", "pk": 14, "fields": {"name": "Can change user", "content_type": 4, "codename": "change_user"}}, {"model": "auth.permission", "pk": 15, "fields": {"name": "Can delete user", "content_type": 4, "codename": "delete_user"}}, {"model": "auth.permission", "pk": 16, "fields": {"name": "Can view user", "content_type": 4, "codename": "view_user"}}, {"model": "auth.permission", "pk": 17, "fields": {"name": "Can add content type", "content_type": 5, "codename": "add_contenttype"}}, {"model": "auth.permission", "pk": 18, "fields": {"name": "Can change content type", "content_type": 5, "codename": "change_contenttype"}}, {"model": "auth.permission", "pk": 19, "fields": {"name": "Can delete content type", "content_type": 5, "codename": "delete_contenttype"}}, {"model": "auth.permission", "pk": 20, "fields": {"name": "Can view content type", "content_type": 5, "codename": "view_contenttype"}}, {"model": "auth.permission", "pk": 21, "fields": {"name": "Can add session", "content_type": 6, "codename": "add_session"}}, {"model": "auth.permission", "pk": 22, "fields": {"name": "Can change session", "content_type": 6, "codename": "change_session"}}, {"model": "auth.permission", "pk": 23, "fields": {"name": "Can delete session", "content_type": 6, "codename": "delete_session"}}, {"model": "auth.permission", "pk": 24, "fields": {"name": "Can view session", "content_type": 6, "codename": "view_session"}}, {"model": "auth.permission", "pk": 25, "fields": {"name": "Can add blog", "content_type": 7, "codename": "add_blog"}}, {"model": "auth.permission", "pk": 26, "fields": {"name": "Can change blog", "content_type": 7, "codename": "change_blog"}}, {"model": "auth.permission", "pk": 27, "fields": {"name": "Can delete blog", "content_type": 7, "codename": "delete_blog"}}, {"model": "auth.permission", "pk": 28, "fields": {"name": "Can view blog", "content_type": 7, "codename": "view_blog"}}, {"model": "auth.permission", "pk": 29, "fields": {"name": "Can add blog type", "content_type": 8, "codename": "add_blogtype"}}, {"model": "auth.permission", "pk": 30, "fields": {"name": "Can change blog type", "content_type": 8, "codename": "change_blogtype"}}, {"model": "auth.permission", "pk": 31, "fields": {"name": "Can delete blog type", "content_type": 8, "codename": "delete_blogtype"}}, {"model": "auth.permission", "pk": 32, "fields": {"name": "Can view blog type", "content_type": 8, "codename": "view_blogtype"}}, {"model": "auth.permission", "pk": 33, "fields": {"name": "Can add read num", "content_type": 9, "codename": "add_readnum"}}, {"model": "auth.permission", "pk": 34, "fields": {"name": "Can change read num", "content_type": 9, "codename": "change_readnum"}}, {"model": "auth.permission", "pk": 35, "fields": {"name": "Can delete read num", "content_type": 9, "codename": "delete_readnum"}}, {"model": "auth.permission", "pk": 36, "fields": {"name": "Can view read num", "content_type": 9, "codename": "view_readnum"}}, {"model": "auth.permission", "pk": 37, "fields": {"name": "Can add read detail", "content_type": 10, "codename": "add_readdetail"}}, {"model": "auth.permission", "pk": 38, "fields": {"name": "Can change read detail", "content_type": 10, "codename": "change_readdetail"}}, {"model": "auth.permission", "pk": 39, "fields": {"name": "Can delete read detail", "content_type": 10, "codename": "delete_readdetail"}}, {"model": "auth.permission", "pk": 40, "fields": {"name": "Can view read detail", "content_type": 10, "codename": "view_readdetail"}}, {"model": "auth.permission", "pk": 41, "fields": {"name": "Can add comment", "content_type": 11, "codename": "add_comment"}}, {"model": "auth.permission", "pk": 42, "fields": {"name": "Can change comment", "content_type": 11, "codename": "change_comment"}}, {"model": "auth.permission", "pk": 43, "fields": {"name": "Can delete comment", "content_type": 11, "codename": "delete_comment"}}, {"model": "auth.permission", "pk": 44, "fields": {"name": "Can view comment", "content_type": 11, "codename": "view_comment"}}, {"model": "auth.permission", "pk": 45, "fields": {"name": "Can add like record", "content_type": 12, "codename": "add_likerecord"}}, {"model": "auth.permission", "pk": 46, "fields": {"name": "Can change like record", "content_type": 12, "codename": "change_likerecord"}}, {"model": "auth.permission", "pk": 47, "fields": {"name": "Can delete like record", "content_type": 12, "codename": "delete_likerecord"}}, {"model": "auth.permission", "pk": 48, "fields": {"name": "Can view like record", "content_type": 12, "codename": "view_likerecord"}}, {"model": "auth.permission", "pk": 49, "fields": {"name": "Can add like count", "content_type": 13, "codename": "add_likecount"}}, {"model": "auth.permission", "pk": 50, "fields": {"name": "Can change like count", "content_type": 13, "codename": "change_likecount"}}, {"model": "auth.permission", "pk": 51, "fields": {"name": "Can delete like count", "content_type": 13, "codename": "delete_likecount"}}, {"model": "auth.permission", "pk": 52, "fields": {"name": "Can view like count", "content_type": 13, "codename": "view_likecount"}}, {"model": "auth.permission", "pk": 53, "fields": {"name": "Can add profile", "content_type": 14, "codename": "add_profile"}}, {"model": "auth.permission", "pk": 54, "fields": {"name": "Can change profile", "content_type": 14, "codename": "change_profile"}}, {"model": "auth.permission", "pk": 55, "fields": {"name": "Can delete profile", "content_type": 14, "codename": "delete_profile"}}, {"model": "auth.permission", "pk": 56, "fields": {"name": "Can view profile", "content_type": 14, "codename": "view_profile"}}, {"model": "auth.user", "pk": 1, "fields": {"password": "pbkdf2_sha256$216000$B3A4ShzRPCPu$2wIk2qJOaMa4EoP9ck4FAedusU+iMioxfuunDJ1Mlg8=", "last_login": "2021-02-26T08:53:57.345Z", "is_superuser": true, "username": "admin", "first_name": "", "last_name": "", "email": "497200368@qq.com", "is_staff": true, "is_active": true, "date_joined": "2021-02-18T15:02:27Z", "groups": [], "user_permissions": []}}, {"model": "auth.user", "pk": 2, "fields": {"password": "pbkdf2_sha256$216000$2Strzp34EtoH$Q7eTajnp8Dkm1USAzQxnDyOt/yJBo+V3DUcD+2pFpm4=", "last_login": "2021-02-25T07:45:52Z", "is_superuser": false, "username": "user_1", "first_name": "", "last_name": "", "email": "497200368@qq.com", "is_staff": false, "is_active": true, "date_joined": "2021-02-23T13:23:18Z", "groups": [], "user_permissions": []}}, {"model": "auth.user", "pk": 4, "fields": {"password": "pbkdf2_sha256$216000$Wn2SNVgsH9e3$F393Xm44Iab9V1OO/loiAC/FZe/vPSTl+yyvWSWU3t0=", "last_login": "2021-02-25T16:56:55Z", "is_superuser": false, "username": "user_2", "first_name": "", "last_name": "", "email": "497200368@qq.com", "is_staff": false, "is_active": true, "date_joined": "2021-02-25T16:03:10Z", "groups": [], "user_permissions": []}}, {"model": "contenttypes.contenttype", "pk": 1, "fields": {"app_label": "admin", "model": "logentry"}}, {"model": "contenttypes.contenttype", "pk": 2, "fields": {"app_label": "auth", "model": "permission"}}, {"model": "contenttypes.contenttype", "pk": 3, "fields": {"app_label": "auth", "model": "group"}}, {"model": "contenttypes.contenttype", "pk": 4, "fields": {"app_label": "auth", "model": "user"}}, {"model": "contenttypes.contenttype", "pk": 5, "fields": {"app_label": "contenttypes", "model": "contenttype"}}, {"model": "contenttypes.contenttype", "pk": 6, "fields": {"app_label": "sessions", "model": "session"}}, {"model": "contenttypes.contenttype", "pk": 7, "fields": {"app_label": "blog", "model": "blog"}}, {"model": "contenttypes.contenttype", "pk": 8, "fields": {"app_label": "blog", "model": "blogtype"}}, {"model": "contenttypes.contenttype", "pk": 9, "fields": {"app_label": "read_statistics", "model": "readnum"}}, {"model": "contenttypes.contenttype", "pk": 10, "fields": {"app_label": "read_statistics", "model": "readdetail"}}, {"model": "contenttypes.contenttype", "pk": 11, "fields": {"app_label": "comment", "model": "comment"}}, {"model": "contenttypes.contenttype", "pk": 12, "fields": {"app_label": "likes", "model": "likerecord"}}, {"model": "contenttypes.contenttype", "pk": 13, "fields": {"app_label": "likes", "model": "likecount"}}, {"model": "contenttypes.contenttype", "pk": 14, "fields": {"app_label": "user", "model": "profile"}}, {"model": "sessions.session", "pk": "0mum4l82nert9894omte3hyja8x0zb0x", "fields": {"session_data": ".eJxVjEEOwiAQRe_C2pAyAqJL9z0DmWEGqRpISrsy3l2bdKHb_977LxVxXUpcu8xxYnVRRh1-N8L0kLoBvmO9NZ1aXeaJ9KbonXY9NpbndXf_Dgr28q2DZc5JgkdwjoCRLJhBsjPWZYAEAEGOZJ1YSeitH5DCmRl8IHNCr94f9OI4Iw:1lDQV6:i0EVey-VuQHq9ZeBcqutqldP5n3pD8pTErvs8pQohpI", "expire_date": "2021-03-06T11:32:40.146Z"}}, {"model": "sessions.session", "pk": "2a46usuozyfd5icatjrl8kh51v2ljx26", "fields": {"session_data": ".eJxVjEEOwiAQRe_C2pAyAqJL9z0DmWEGqRpISrsy3l2bdKHb_977LxVxXUpcu8xxYnVRRh1-N8L0kLoBvmO9NZ1aXeaJ9KbonXY9NpbndXf_Dgr28q2DZc5JgkdwjoCRLJhBsjPWZYAEAEGOZJ1YSeitH5DCmRl8IHNCr94f9OI4Iw:1lDsoK:D3HlXlkB13kBZrZMq_vJB04oOmeCEqGLM6AhzoEfWs0", "expire_date": "2021-03-07T17:46:24.910Z"}}, {"model": "sessions.session", "pk": "2o668xsabf48jhti3o5e9b7bntbpsoef", "fields": {"session_data": ".eJxVjEEOwiAQRe_C2pAyAqJL9z0DmWEGqRpISrsy3l2bdKHb_977LxVxXUpcu8xxYnVRRh1-N8L0kLoBvmO9NZ1aXeaJ9KbonXY9NpbndXf_Dgr28q2DZc5JgkdwjoCRLJhBsjPWZYAEAEGOZJ1YSeitH5DCmRl8IHNCr94f9OI4Iw:1lERjs:Mtpj5bwWJ0krxpi8IwkUo9JOtxZ5wT0WXXk5d1rQWPo", "expire_date": "2021-03-09T07:04:08.579Z"}}, {"model": "sessions.session", "pk": "hhkq9wv0z4ia3xun05sa7m1ukxxhmrox", "fields": {"session_data": ".eJxVjEEOwiAQRe_C2pAyAqJL9z0DmWEGqRpISrsy3l2bdKHb_977LxVxXUpcu8xxYnVRRh1-N8L0kLoBvmO9NZ1aXeaJ9KbonXY9NpbndXf_Dgr28q2DZc5JgkdwjoCRLJhBsjPWZYAEAEGOZJ1YSeitH5DCmRl8IHNCr94f9OI4Iw:1lFS17:oK_MeLIEC0JSTmJdOtcS1jc5XyKOUbcteHF6vpxJI7I", "expire_date": "2021-03-12T01:34:05.492Z"}}, {"model": "sessions.session", "pk": "m9sgq3wbagoihttz1y8oearqlivpb9n3", "fields": {"session_data": ".eJxVjEEOwiAQRe_C2pAyAqJL9z0DmWEGqRpISrsy3l2bdKHb_977LxVxXUpcu8xxYnVRRh1-N8L0kLoBvmO9NZ1aXeaJ9KbonXY9NpbndXf_Dgr28q2DZc5JgkdwjoCRLJhBsjPWZYAEAEGOZJ1YSeitH5DCmRl8IHNCr94f9OI4Iw:1lFYsn:cLMZhfNE_I0ITHITGVT9bWzda20cP3VRvMa-CR4oRYY", "expire_date": "2021-03-12T08:53:57.347Z"}}, {"model": "sessions.session", "pk": "mikzbftg112zzn8bkzpgdh8yw7yhiidm", "fields": {"session_data": ".eJxVjEEOwiAQRe_C2pAyAqJL9z0DmWEGqRpISrsy3l2bdKHb_977LxVxXUpcu8xxYnVRRh1-N8L0kLoBvmO9NZ1aXeaJ9KbonXY9NpbndXf_Dgr28q2DZc5JgkdwjoCRLJhBsjPWZYAEAEGOZJ1YSeitH5DCmRl8IHNCr94f9OI4Iw:1lCkpO:Lqz90rXSVqz2AgXNi81Di2KVAxKor0UQwCpizOrRRz0", "expire_date": "2021-03-04T15:02:50.654Z"}}, {"model": "sessions.session", "pk": "okaroj8bmiyy36fc5uopx40tw9x30bzc", "fields": {"session_data": ".eJxVjEEOwiAQRe_C2pAyAqJL9z0DmWEGqRpISrsy3l2bdKHb_977LxVxXUpcu8xxYnVRRh1-N8L0kLoBvmO9NZ1aXeaJ9KbonXY9NpbndXf_Dgr28q2DZc5JgkdwjoCRLJhBsjPWZYAEAEGOZJ1YSeitH5DCmRl8IHNCr94f9OI4Iw:1lE1OD:SCwnlmNRe_42QgUKxZjqTCUI9ng4-MnnPsK3PH3jA7Y", "expire_date": "2021-03-08T02:56:01.233Z"}}, {"model": "sessions.session", "pk": "pyk4o19h1jdyuxrgqge7e1dvps20yklg", "fields": {"session_data": ".eJxVjEEOwiAQRe_C2pAyAqJL9z0DmWEGqRpISrsy3l2bdKHb_977LxVxXUpcu8xxYnVRRh1-N8L0kLoBvmO9NZ1aXeaJ9KbonXY9NpbndXf_Dgr28q2DZc5JgkdwjoCRLJhBsjPWZYAEAEGOZJ1YSeitH5DCmRl8IHNCr94f9OI4Iw:1lF8Vy:lzN9zu99D7ZqOZBRH_sfZw2dWbUfllOrP6xSaF9eiAE", "expire_date": "2021-03-11T04:44:38.804Z"}}, {"model": "sessions.session", "pk": "qn78mqimf2u7awqjl3kanha1w9nuoqyz", "fields": {"session_data": ".eJxVjEEOwiAQRe_C2pAyAqJL9z0DmWEGqRpISrsy3l2bdKHb_977LxVxXUpcu8xxYnVRRh1-N8L0kLoBvmO9NZ1aXeaJ9KbonXY9NpbndXf_Dgr28q2DZc5JgkdwjoCRLJhBsjPWZYAEAEGOZJ1YSeitH5DCmRl8IHNCr94f9OI4Iw:1lCukZ:vdLCFoHqzpe48DJ27ugAhijEELgKz2CSwT9EZ9vwGLI", "expire_date": "2021-03-05T01:38:31.648Z"}}, {"model": "sessions.session", "pk": "w4pxdpcra7o2mwtt6jkd7u2l15kon2jr", "fields": {"session_data": ".eJxVjEEOwiAQRe_C2pAyAqJL9z0DmWEGqRpISrsy3l2bdKHb_977LxVxXUpcu8xxYnVRRh1-N8L0kLoBvmO9NZ1aXeaJ9KbonXY9NpbndXf_Dgr28q2DZc5JgkdwjoCRLJhBsjPWZYAEAEGOZJ1YSeitH5DCmRl8IHNCr94f9OI4Iw:1lDm40:_48mLMiHcJf0QFD6xbIbFCG3mdNmn_ksZW4ZMuWY-cs", "expire_date": "2021-03-07T10:34:08.773Z"}}, {"model": "sessions.session", "pk": "w5usc4i7zq3lfvfj0ujft26gpx7rs8hf", "fields": {"session_data": "eyJiaW5kX2VtYWlsX2NvZGUiOiJWOW1TIn0:1lFFYF:6ORyubgK0rcKL78mAyEr-cKNEToDnIeFd7gcbCG4ung", "expire_date": "2021-03-11T12:15:27.106Z"}}, {"model": "sessions.session", "pk": "zz6v7nmbf6vdfafj95erwqcrs63pjg2w", "fields": {"session_data": ".eJxVjEEOwiAQRe_C2pAyAqJL9z0DmWEGqRpISrsy3l2bdKHb_977LxVxXUpcu8xxYnVRRh1-N8L0kLoBvmO9NZ1aXeaJ9KbonXY9NpbndXf_Dgr28q2DZc5JgkdwjoCRLJhBsjPWZYAEAEGOZJ1YSeitH5DCmRl8IHNCr94f9OI4Iw:1lDiHo:21ywVIrTAW80D4Qd1IaCkaMk_PlXxh74BBCDJHi33Q8", "expire_date": "2021-03-07T06:32:08.450Z"}}, {"model": "blog.blogtype", "pk": 1, "fields": {"type_name": "Django"}}, {"model": "blog.blogtype", "pk": 2, "fields": {"type_name": "随笔"}}, {"model": "blog.blogtype", "pk": 3, "fields": {"type_name": "感悟"}}, {"model": "blog.blog", "pk": 3, "fields": {"title": "长内容的博客", "blog_type": 2, "content": "<h3 style=\"color:#aaaaaa; font-style:italic\"><span style=\"color:#4e5f70\"><img alt=\"\" src=\"/media/upload/2021/02/21/img_3609.JPG\" style=\"height:240px; width:339px\" /></span></h3>\r\n\r\n<h3 style=\"color:#aaaaaa; font-style:italic\"><span style=\"color:#4e5f70\">1</span></h3>\r\n\r\n<h3 style=\"color:#aaaaaa; font-style:italic\"><span style=\"color:#4e5f70\">AC半年卡设<strong>备创建</strong><br />\r\n<kbd><samp>卡A</samp></kbd></span></h3>", "author": 1, "read_num": 0, "created_time": "2021-02-19T01:45:50.977Z", "last_updated_time": "2021-02-21T05:57:47.956Z"}}, {"model": "blog.blog", "pk": 4, "fields": {"title": "随笔2", "blog_type": 2, "content": "时代风", "author": 1, "read_num": 0, "created_time": "2021-02-19T02:21:40.576Z", "last_updated_time": "2021-02-19T02:21:40.576Z"}}, {"model": "blog.blog", "pk": 5, "fields": {"title": "Django1", "blog_type": 1, "content": "test", "author": 1, "read_num": 0, "created_time": "2021-02-19T02:22:05.646Z", "last_updated_time": "2021-02-19T02:22:05.646Z"}}, {"model": "blog.blog", "pk": 6, "fields": {"title": "shell下第1篇", "blog_type": 1, "content": "xxxxxx", "author": 1, "read_num": 0, "created_time": "2021-02-20T03:35:19.762Z", "last_updated_time": "2021-02-20T03:35:19.762Z"}}, {"model": "blog.blog", "pk": 7, "fields": {"title": "for 1", "blog_type": 1, "content": "xxxx:1", "author": 1, "read_num": 0, "created_time": "2021-02-20T04:05:02.117Z", "last_updated_time": "2021-02-20T04:05:02.117Z"}}, {"model": "blog.blog", "pk": 8, "fields": {"title": "for 2", "blog_type": 1, "content": "xxxx:2", "author": 1, "read_num": 0, "created_time": "2021-02-20T04:05:02.123Z", "last_updated_time": "2021-02-20T04:05:02.123Z"}}, {"model": "blog.blog", "pk": 9, "fields": {"title": "for 3", "blog_type": 1, "content": "xxxx:3", "author": 1, "read_num": 0, "created_time": "2021-02-20T04:05:02.127Z", "last_updated_time": "2021-02-20T04:05:02.127Z"}}, {"model": "blog.blog", "pk": 10, "fields": {"title": "for 4", "blog_type": 1, "content": "xxxx:4", "author": 1, "read_num": 0, "created_time": "2021-02-20T04:05:02.129Z", "last_updated_time": "2021-02-20T04:05:02.129Z"}}, {"model": "blog.blog", "pk": 11, "fields": {"title": "for 5", "blog_type": 1, "content": "xxxx:5", "author": 1, "read_num": 0, "created_time": "2021-02-20T04:05:02.131Z", "last_updated_time": "2021-02-20T04:05:02.131Z"}}, {"model": "blog.blog", "pk": 12, "fields": {"title": "for 6", "blog_type": 1, "content": "xxxx:6", "author": 1, "read_num": 0, "created_time": "2021-02-20T04:05:02.133Z", "last_updated_time": "2021-02-20T04:05:02.133Z"}}, {"model": "blog.blog", "pk": 13, "fields": {"title": "for 7", "blog_type": 1, "content": "xxxx:7", "author": 1, "read_num": 0, "created_time": "2021-02-20T04:05:02.138Z", "last_updated_time": "2021-02-20T04:05:02.138Z"}}, {"model": "blog.blog", "pk": 14, "fields": {"title": "for 8", "blog_type": 1, "content": "xxxx:8", "author": 1, "read_num": 0, "created_time": "2021-02-20T04:05:02.140Z", "last_updated_time": "2021-02-20T04:05:02.140Z"}}, {"model": "blog.blog", "pk": 15, "fields": {"title": "for 9", "blog_type": 1, "content": "xxxx:9", "author": 1, "read_num": 0, "created_time": "2021-02-20T04:05:02.142Z", "last_updated_time": "2021-02-20T04:05:02.142Z"}}, {"model": "blog.blog", "pk": 16, "fields": {"title": "for 10", "blog_type": 1, "content": "xxxx:10", "author": 1, "read_num": 0, "created_time": "2021-02-20T04:05:02.143Z", "last_updated_time": "2021-02-20T04:05:02.143Z"}}, {"model": "blog.blog", "pk": 17, "fields": {"title": "for 11", "blog_type": 1, "content": "xxxx:11", "author": 1, "read_num": 0, "created_time": "2021-02-20T04:05:02.145Z", "last_updated_time": "2021-02-20T04:05:02.145Z"}}, {"model": "blog.blog", "pk": 18, "fields": {"title": "for 12", "blog_type": 1, "content": "xxxx:12", "author": 1, "read_num": 0, "created_time": "2021-02-20T04:05:02.146Z", "last_updated_time": "2021-02-20T04:05:02.146Z"}}, {"model": "blog.blog", "pk": 19, "fields": {"title": "for 13", "blog_type": 1, "content": "xxxx:13", "author": 1, "read_num": 0, "created_time": "2021-02-20T04:05:02.147Z", "last_updated_time": "2021-02-20T04:05:02.147Z"}}, {"model": "blog.blog", "pk": 20, "fields": {"title": "for 14", "blog_type": 1, "content": "xxxx:14", "author": 1, "read_num": 0, "created_time": "2021-02-20T04:05:02.149Z", "last_updated_time": "2021-02-20T04:05:02.149Z"}}, {"model": "blog.blog", "pk": 21, "fields": {"title": "for 15", "blog_type": 1, "content": "xxxx:15", "author": 1, "read_num": 0, "created_time": "2021-02-20T04:05:02.150Z", "last_updated_time": "2021-02-20T04:05:02.150Z"}}, {"model": "blog.blog", "pk": 22, "fields": {"title": "for 16", "blog_type": 1, "content": "xxxx:16", "author": 1, "read_num": 0, "created_time": "2021-02-20T04:05:02.151Z", "last_updated_time": "2021-02-20T04:05:02.151Z"}}, {"model": "blog.blog", "pk": 23, "fields": {"title": "for 17", "blog_type": 1, "content": "xxxx:17", "author": 1, "read_num": 0, "created_time": "2021-02-20T04:05:02.152Z", "last_updated_time": "2021-02-20T04:05:02.152Z"}}, {"model": "blog.blog", "pk": 24, "fields": {"title": "for 18", "blog_type": 1, "content": "xxxx:18", "author": 1, "read_num": 0, "created_time": "2021-02-20T04:05:02.153Z", "last_updated_time": "2021-02-20T04:05:02.153Z"}}, {"model": "blog.blog", "pk": 25, "fields": {"title": "for 19", "blog_type": 1, "content": "xxxx:19", "author": 1, "read_num": 0, "created_time": "2021-02-20T04:05:02.154Z", "last_updated_time": "2021-02-20T04:05:02.154Z"}}, {"model": "blog.blog", "pk": 26, "fields": {"title": "for 20", "blog_type": 1, "content": "xxxx:20", "author": 1, "read_num": 0, "created_time": "2021-02-20T04:05:02.155Z", "last_updated_time": "2021-02-20T04:05:02.155Z"}}, {"model": "blog.blog", "pk": 27, "fields": {"title": "for 21", "blog_type": 1, "content": "xxxx:21", "author": 1, "read_num": 0, "created_time": "2021-02-20T04:05:02.156Z", "last_updated_time": "2021-02-20T04:05:02.156Z"}}, {"model": "blog.blog", "pk": 28, "fields": {"title": "for 22", "blog_type": 1, "content": "xxxx:22", "author": 1, "read_num": 0, "created_time": "2021-02-20T04:05:02.157Z", "last_updated_time": "2021-02-20T04:05:02.157Z"}}, {"model": "blog.blog", "pk": 29, "fields": {"title": "for 23", "blog_type": 1, "content": "xxxx:23", "author": 1, "read_num": 0, "created_time": "2021-02-20T04:05:02.158Z", "last_updated_time": "2021-02-20T04:05:02.158Z"}}, {"model": "blog.blog", "pk": 30, "fields": {"title": "for 24", "blog_type": 1, "content": "xxxx:24", "author": 1, "read_num": 0, "created_time": "2021-02-20T04:05:02.159Z", "last_updated_time": "2021-02-20T04:05:02.159Z"}}, {"model": "blog.blog", "pk": 31, "fields": {"title": "for 25", "blog_type": 1, "content": "xxxx:25", "author": 1, "read_num": 0, "created_time": "2021-02-20T04:05:02.159Z", "last_updated_time": "2021-02-20T04:05:02.159Z"}}, {"model": "blog.blog", "pk": 32, "fields": {"title": "for 26", "blog_type": 1, "content": "xxxx:26", "author": 1, "read_num": 0, "created_time": "2021-02-20T04:05:02.160Z", "last_updated_time": "2021-02-20T04:05:02.160Z"}}, {"model": "blog.blog", "pk": 33, "fields": {"title": "for 27", "blog_type": 1, "content": "xxxx:27", "author": 1, "read_num": 0, "created_time": "2021-02-20T04:05:02.162Z", "last_updated_time": "2021-02-20T04:05:02.162Z"}}, {"model": "blog.blog", "pk": 34, "fields": {"title": "for 28", "blog_type": 1, "content": "xxxx:28", "author": 1, "read_num": 1, "created_time": "2021-02-20T04:05:02.163Z", "last_updated_time": "2021-02-21T06:33:23.648Z"}}, {"model": "blog.blog", "pk": 35, "fields": {"title": "for 29", "blog_type": 1, "content": "<h1>Swift 中的 MVVM 模型</h1>\r\n\r\n<p>&ensp;&ensp;&ensp;&ensp;<strong>MVVM</strong>（Model&ndash;View&ndash;ViewModel）是一种软件架构模式，本质上是 MVC 的改进版。MVVM 确定了代码在应用程序中的位置，与应用程序中需要实时反馈的用户界面对应。它将用户界面与后端逻辑分开，抽象出 Model, View, ViewModel 3 个部分，有助于分离界面与后端逻辑的开发。这里结合斯坦福的 Swift 课程，用一个简单的 app 例子来对 MVVM 做一个简单的介绍</p>\r\n\r\n<p><img src=\"https://raw.githubusercontent.com/TortoiseKnightB/ios-LearningNotes/main/images/app.png\" style=\"width:500px\" /></p>\r\n\r\n<p>&ensp;&ensp;&ensp;&ensp;如图，该 app 展示了一组卡片。当点击卡片时，对应卡片翻转。</p>\r\n\r\n<p>&ensp;&ensp;&ensp;&ensp;<strong>Model</strong> 是后台数据与逻辑的封装，独立于 View。在这个卡片 app 中 Model 就是卡片的内容与选择卡片时发生的逻辑（如当我们点击卡片时，卡片会翻转，卡片的正反面状态会发生改变）</p>\r\n\r\n<p>&ensp;&ensp;&ensp;&ensp;<strong>View</strong> 是界面视图部分，反映了后台数据的变化（当卡片翻转时，界面视图需要显示出翻转后的卡片的样子）。VIew 本身是没有状态的，它只是展示当前 Model 的状态。当 Model 改变时，View 也需要作出相应的改变。</p>\r\n\r\n<p>&ensp;&ensp;&ensp;&ensp;<strong>ViewModel</strong> 将 VIew 与 Model 绑定，于是当 Model 发生改变时，View 也会发生相应的改变。Model 发生的改变有时候可能会非常复杂，这时候 ViewModel 应处理并简化这些改变，再将它们传递给 View。这有助于 View 的自动更新。</p>\r\n\r\n<p>&ensp;&ensp;&ensp;&ensp;MVVM 的变化涉及了两个方向，即从 Model 流向 View 与 从 View 流向 Model。</p>\r\n\r\n<p>&ensp;&ensp;&ensp;&ensp;<strong>Model =&gt; View：</strong></p>\r\n\r\n<ol>\r\n\t<li>Model 发生改变</li>\r\n\t<li>ViewModel 会注意到 Model 的改变</li>\r\n\t<li>ViewModel 解释 Model 的改变并转换成其他格式</li>\r\n\t<li>ViewModel 广播该改变。（ViewModel 并不直接告诉 View 发生了什么改变，只是广播有改变发生了。负责监视这一改变的 View 会收到广播，然后重新从 ViewModel 提取数据，并重绘自己，完成相应的改变）</li>\r\n\t<li>View 观察到改变，重新获取数据，重绘自己完成改变</li>\r\n</ol>\r\n\r\n<p><img alt=\"截屏2021-01-30 下午8.05.54\" src=\"https://raw.githubusercontent.com/TortoiseKnightB/ios-LearningNotes/main/images/model_view.png\" style=\"width:600px\" /></p>\r\n\r\n<p>&ensp;&ensp;&ensp;&ensp;<strong>View =&gt; Model：</strong>（当用户点击卡片时）</p>\r\n\r\n<ol>\r\n\t<li>用户进行某些操作（点击卡片），View 向 ViewModel 发送用户的操作信息</li>\r\n\t<li>ViewModel 接收并处理用户的意图（用户想要点击某一卡片）</li>\r\n\t<li>ViewModel 对 Model 进行相应的改变（后台的卡片数据更改）</li>\r\n</ol>\r\n\r\n<p>&ensp;&ensp;&ensp;&ensp;注意，当因为用户操作导致 Model 发生改变后，又会进行上诉的 Model =&gt; View 的过程（获取更改后的卡片数据，并重新绘制界面）</p>\r\n\r\n<p><img alt=\"截屏2021-01-30 下午8.12.52\" src=\"https://raw.githubusercontent.com/TortoiseKnightB/ios-LearningNotes/main/images/v_m.png\" style=\"width:600px\" /></p>\r\n\r\n<p>&ensp;&ensp;&ensp;&ensp;下面在具体的代码中介绍如何实现简单的 MVVM 模型（所有代码均来自斯坦福 Swift 课程）</p>\r\n\r\n<pre>\r\n<code>//  View\r\n//  EmojiMemoryGameView.swift\r\n//  卡片界面部分的主要代码\r\nstruct EmojiMemoryGameView: View {\r\n    @ObservedObject var viewModel: EmojiMemoryGame\r\n\r\n      // 生成卡片\r\n    var body: some View {\r\n        return HStack {\r\n            ForEach(viewModel.cards) { card in\r\n                CardView(card: card).onTapGesture {\r\n                    self.viewModel.choose(card: card)\r\n                }\r\n            }\r\n        }\r\n                .foregroundColor(.orange)\r\n                .padding()\r\n    }\r\n}\r\n\r\n\r\n//  ViewModel\r\n//  EmojiMemoryGame.swift\r\nclass EmojiMemoryGame: ObservableObject {\r\n      // Published 每次变量 model 发生变化时，进行广播\r\n    @Published private var model: MemoryGame&lt;String&gt; = EmojiMemoryGame.createMemoryGame()  \r\n\r\n    static func createMemoryGame() -&gt; MemoryGame&lt;String&gt;{\r\n        let emojis: Array&lt;String&gt; = [&quot;👻&quot;,&quot;🎃&quot;,&quot;🕷&quot;]\r\n        return MemoryGame&lt;String&gt;(numberOfPairsOfCards: emojis.count) { pairIndex in\r\n            return emojis[pairIndex]\r\n        }\r\n    }\r\n\r\n    // Mark - Access to the Model\r\n    var cards: Array&lt;MemoryGame&lt;String&gt;.Card&gt;{\r\n        model.cards\r\n    }\r\n\r\n    // Mark: - Intent(s)\r\n    func choose(card: MemoryGame&lt;String&gt;.Card) {\r\n        model.choose(card: card)\r\n    }\r\n}\r\n\r\n\r\n//  Model\r\n//  MemoryGame.swift\r\n//  Model 部分代码\r\nstruct MemoryGame&lt;CardContent&gt; {\r\n    var cards: Array&lt;Card&gt;\r\n\r\n    mutating func choose(card: Card){     \r\n        print(&quot;card chosen: \\(card)&quot;)\r\n        let chosenIndex: Int = self.index(of: card)\r\n        self.cards[chosenIndex].isFaceUp = !self.cards[chosenIndex].isFaceUp\r\n    }\r\n    ...\r\n    ...\r\n    struct Card: Identifiable {\r\n        var isFaceUp: Bool = true\r\n        var isMatched: Bool = false\r\n        var content: CardContent\r\n        var id: Int\r\n    }\r\n}\r\n</code></pre>\r\n\r\n<p>&ensp;&ensp;&ensp;&ensp;在 View 部分中，结构体 EmojiMemoryGameView 中有一个 EmojiMemoryGame 型的变量 viewModel，通过该变量建立 View 与 ViewModel 的联系。</p>\r\n\r\n<p>&ensp;&ensp;&ensp;&ensp;在 ViewModel 部分中，类 EmojiMemoryGame 中有一个 MemoryGame 型的变量 model，通过该变量 ViewModel 能够获取 Model 的数据与业务逻辑。</p>\r\n\r\n<p>&ensp;&ensp;&ensp;&ensp;在用户点击卡片时，ViewModel 处理用户意图，并改变后台数据 Model。ViewModel 注意到 Model 数据的改变，并将处理后的改变广播给 View。View 收到广播后重新通过 ViewModel 获取数据，并重绘界面。</p>\r\n\r\n<p>&ensp;&ensp;&ensp;&ensp;为了实现上诉过程，在 ViewModel 部分中，类 EmojiMemoryGame 需要添加协议 ObservableObject，并在类里面需要注意变化的变量 model 前加上 @Published。这样每当 Model 发生变化时，ViewModel 都会注意到该变化并进行广播。</p>\r\n\r\n<p>&ensp;&ensp;&ensp;&ensp;在 View 部分中，在类 EmojiMemoryGameView 中的变量 viewModel 前加上 @ObservedObject。这样每当 ViewModel 进行广播时，View 就能观察到是否有改变，并作出相应改变。因为 Model 部分中的结构体 Card 添加了 Identifiable 协议，有唯一的 id 可识别，所以 View 在重新绘制界面的时候不会重绘所有 Card，只会重绘发生改变的 Card。</p>", "author": 1, "read_num": 1, "created_time": "2021-02-20T04:05:02.164Z", "last_updated_time": "2021-02-21T06:49:45.154Z"}}, {"model": "blog.blog", "pk": 36, "fields": {"title": "for 30", "blog_type": 1, "content": "<h1>Swift 中的 MVVM 模型</h1>\r\n\r\n<p>&ensp;&ensp;&ensp;&ensp;<strong>MVVM</strong>（Model&ndash;View&ndash;ViewModel）是一种软件架构模式，本质上是 MVC 的改进版。MVVM 确定了代码在应用程序中的位置，与应用程序中需要实时反馈的用户界面对应。它将用户界面与后端逻辑分开，抽象出 Model, View, ViewModel 3 个部分，有助于分离界面与后端逻辑的开发。这里结合斯坦福的 Swift 课程，用一个简单的 app 例子来对 MVVM 做一个简单的介绍</p>\r\n\r\n<p><img src=\"https://raw.githubusercontent.com/TortoiseKnightB/ios-LearningNotes/main/images/app.png\" style=\"width:500px\" /></p>\r\n\r\n<p>&ensp;&ensp;&ensp;&ensp;如图，该 app 展示了一组卡片。当点击卡片时，对应卡片翻转。</p>\r\n\r\n<p>&ensp;&ensp;&ensp;&ensp;<strong>Model</strong> 是后台数据与逻辑的封装，独立于 View。在这个卡片 app 中 Model 就是卡片的内容与选择卡片时发生的逻辑（如当我们点击卡片时，卡片会翻转，卡片的正反面状态会发生改变）</p>\r\n\r\n<p>&ensp;&ensp;&ensp;&ensp;<strong>View</strong> 是界面视图部分，反映了后台数据的变化（当卡片翻转时，界面视图需要显示出翻转后的卡片的样子）。VIew 本身是没有状态的，它只是展示当前 Model 的状态。当 Model 改变时，View 也需要作出相应的改变。</p>\r\n\r\n<p>&ensp;&ensp;&ensp;&ensp;<strong>ViewModel</strong> 将 VIew 与 Model 绑定，于是当 Model 发生改变时，View 也会发生相应的改变。Model 发生的改变有时候可能会非常复杂，这时候 ViewModel 应处理并简化这些改变，再将它们传递给 View。这有助于 View 的自动更新。</p>\r\n\r\n<p>&ensp;&ensp;&ensp;&ensp;MVVM 的变化涉及了两个方向，即从 Model 流向 View 与 从 View 流向 Model。</p>\r\n\r\n<p>&ensp;&ensp;&ensp;&ensp;<strong>Model =&gt; View：</strong></p>\r\n\r\n<ol>\r\n\t<li>Model 发生改变</li>\r\n\t<li>ViewModel 会注意到 Model 的改变</li>\r\n\t<li>ViewModel 解释 Model 的改变并转换成其他格式</li>\r\n\t<li>ViewModel 广播该改变。（ViewModel 并不直接告诉 View 发生了什么改变，只是广播有改变发生了。负责监视这一改变的 View 会收到广播，然后重新从 ViewModel 提取数据，并重绘自己，完成相应的改变）</li>\r\n\t<li>View 观察到改变，重新获取数据，重绘自己完成改变</li>\r\n</ol>\r\n\r\n<p><img alt=\"截屏2021-01-30 下午8.05.54\" src=\"https://raw.githubusercontent.com/TortoiseKnightB/ios-LearningNotes/main/images/model_view.png\" style=\"width:600px\" /></p>\r\n\r\n<p>&ensp;&ensp;&ensp;&ensp;<strong>View =&gt; Model：</strong>（当用户点击卡片时）</p>\r\n\r\n<ol>\r\n\t<li>用户进行某些操作（点击卡片），View 向 ViewModel 发送用户的操作信息</li>\r\n\t<li>ViewModel 接收并处理用户的意图（用户想要点击某一卡片）</li>\r\n\t<li>ViewModel 对 Model 进行相应的改变（后台的卡片数据更改）</li>\r\n</ol>\r\n\r\n<p>&ensp;&ensp;&ensp;&ensp;注意，当因为用户操作导致 Model 发生改变后，又会进行上诉的 Model =&gt; View 的过程（获取更改后的卡片数据，并重新绘制界面）</p>\r\n\r\n<p><img alt=\"截屏2021-01-30 下午8.12.52\" src=\"https://raw.githubusercontent.com/TortoiseKnightB/ios-LearningNotes/main/images/v_m.png\" style=\"width:600px\" /></p>\r\n\r\n<p>&ensp;&ensp;&ensp;&ensp;下面在具体的代码中介绍如何实现简单的 MVVM 模型（所有代码均来自斯坦福 Swift 课程）</p>\r\n\r\n<pre>\r\n<code>//  View\r\n//  EmojiMemoryGameView.swift\r\n//  卡片界面部分的主要代码\r\nstruct EmojiMemoryGameView: View {\r\n    @ObservedObject var viewModel: EmojiMemoryGame\r\n\r\n    // 生成卡片\r\n    var body: some View {\r\n        return HStack {\r\n            ForEach(viewModel.cards) { card in\r\n                CardView(card: card).onTapGesture {\r\n                    self.viewModel.choose(card: card)\r\n                }\r\n            }\r\n        }\r\n                .foregroundColor(.orange)\r\n                .padding()\r\n    }\r\n}\r\n\r\n\r\n//  ViewModel\r\n//  EmojiMemoryGame.swift\r\nclass EmojiMemoryGame: ObservableObject {\r\n    // Published 每次变量 model 发生变化时，进行广播\r\n    @Published private var model: MemoryGame&lt;String&gt; = EmojiMemoryGame.createMemoryGame()  \r\n\r\n    static func createMemoryGame() -&gt; MemoryGame&lt;String&gt;{\r\n        let emojis: Array&lt;String&gt; = [&quot;👻&quot;,&quot;🎃&quot;,&quot;🕷&quot;]\r\n        return MemoryGame&lt;String&gt;(numberOfPairsOfCards: emojis.count) { pairIndex in\r\n            return emojis[pairIndex]\r\n        }\r\n    }\r\n\r\n    // Mark - Access to the Model\r\n    var cards: Array&lt;MemoryGame&lt;String&gt;.Card&gt;{\r\n        model.cards\r\n    }\r\n\r\n    // Mark: - Intent(s)\r\n    func choose(card: MemoryGame&lt;String&gt;.Card) {\r\n        model.choose(card: card)\r\n    }\r\n}\r\n\r\n\r\n//  Model\r\n//  MemoryGame.swift\r\n//  Model 部分代码\r\nstruct MemoryGame&lt;CardContent&gt; {\r\n    var cards: Array&lt;Card&gt;\r\n\r\n    mutating func choose(card: Card){     \r\n        print(&quot;card chosen: \\(card)&quot;)\r\n        let chosenIndex: Int = self.index(of: card)\r\n        self.cards[chosenIndex].isFaceUp = !self.cards[chosenIndex].isFaceUp\r\n    }\r\n    ...\r\n    ...\r\n    struct Card: Identifiable {\r\n        var isFaceUp: Bool = true\r\n        var isMatched: Bool = false\r\n        var content: CardContent\r\n        var id: Int\r\n    }\r\n}</code></pre>\r\n\r\n<p>&ensp;&ensp;&ensp;&ensp;在 View 部分中，结构体 EmojiMemoryGameView 中有一个 EmojiMemoryGame 型的变量 viewModel，通过该变量建立 View 与 ViewModel 的联系。</p>\r\n\r\n<p>&ensp;&ensp;&ensp;&ensp;在 ViewModel 部分中，类 EmojiMemoryGame 中有一个 MemoryGame 型的变量 model，通过该变量 ViewModel 能够获取 Model 的数据与业务逻辑。</p>\r\n\r\n<p>&ensp;&ensp;&ensp;&ensp;在用户点击卡片时，ViewModel 处理用户意图，并改变后台数据 Model。ViewModel 注意到 Model 数据的改变，并将处理后的改变广播给 View。View 收到广播后重新通过 ViewModel 获取数据，并重绘界面。</p>\r\n\r\n<p>&ensp;&ensp;&ensp;&ensp;为了实现上诉过程，在 ViewModel 部分中，类 EmojiMemoryGame 需要添加协议 ObservableObject，并在类里面需要注意变化的变量 model 前加上 @Published。这样每当 Model 发生变化时，ViewModel 都会注意到该变化并进行广播。</p>\r\n\r\n<p>&ensp;&ensp;&ensp;&ensp;在 View 部分中，在类 EmojiMemoryGameView 中的变量 viewModel 前加上 @ObservedObject。这样每当 ViewModel 进行广播时，View 就能观察到是否有改变，并作出相应改变。因为 Model 部分中的结构体 Card 添加了 Identifiable 协议，有唯一的 id 可识别，所以 View 在重新绘制界面的时候不会重绘所有 Card，只会重绘发生改变的 Card。</p>", "author": 1, "read_num": 9, "created_time": "2021-02-20T04:05:02.164Z", "last_updated_time": "2021-02-21T06:48:32.089Z"}}, {"model": "blog.blog", "pk": 37, "fields": {"title": "时间机器", "blog_type": 2, "content": "<h1>Swift 中的 MVVM 模型</h1>\r\n\r\n<p>&amp;ensp;&amp;ensp;&amp;ensp;&amp;ensp;<strong>MVVM</strong>（Model&ndash;View&ndash;ViewModel）是一种软件架构模式，本质上是 MVC 的改进版。MVVM 确定了代码在应用程序中的位置，与应用程序中需要实时反馈的用户界面对应。它将用户界面与后端逻辑分开，抽象出 Model, View, ViewModel 3 个部分，有助于分离界面与后端逻辑的开发。这里结合斯坦福的 Swift 课程，用一个简单的 app 例子来对 MVVM 做一个简单的介绍</p>\r\n\r\n<p>&lt;p align=&quot;center&quot;&gt; &lt;img src=&quot;https://raw.githubusercontent.com/TortoiseKnightB/ios-LearningNotes/main/images/app.png&quot; width=&quot;500&quot;/&gt; &lt;/p&gt;</p>\r\n\r\n<p>&amp;ensp;&amp;ensp;&amp;ensp;&amp;ensp;如图，该 app 展示了一组卡片。当点击卡片时，对应卡片翻转。</p>\r\n\r\n<p>&amp;ensp;&amp;ensp;&amp;ensp;&amp;ensp;<strong>Model</strong> 是后台数据与逻辑的封装，独立于 View。在这个卡片 app 中 Model 就是卡片的内容与选择卡片时发生的逻辑（如当我们点击卡片时，卡片会翻转，卡片的正反面状态会发生改变）</p>\r\n\r\n<p>&amp;ensp;&amp;ensp;&amp;ensp;&amp;ensp;<strong>View</strong> 是界面视图部分，反映了后台数据的变化（当卡片翻转时，界面视图需要显示出翻转后的卡片的样子）。VIew 本身是没有状态的，它只是展示当前 Model 的状态。当 Model 改变时，View 也需要作出相应的改变。</p>\r\n\r\n<p>&amp;ensp;&amp;ensp;&amp;ensp;&amp;ensp;<strong>ViewModel</strong> 将 VIew 与 Model 绑定，于是当 Model 发生改变时，View 也会发生相应的改变。Model 发生的改变有时候可能会非常复杂，这时候 ViewModel 应处理并简化这些改变，再将它们传递给 View。这有助于 View 的自动更新。</p>\r\n\r\n<p>&amp;ensp;&amp;ensp;&amp;ensp;&amp;ensp;MVVM 的变化涉及了两个方向，即从 Model 流向 View 与 从 View 流向 Model。</p>\r\n\r\n<p>&amp;ensp;&amp;ensp;&amp;ensp;&amp;ensp;<strong>Model =&gt; View：</strong></p>\r\n\r\n<ol>\r\n\t<li>Model 发生改变</li>\r\n\t<li>ViewModel 会注意到 Model 的改变</li>\r\n\t<li>ViewModel 解释 Model 的改变并转换成其他格式</li>\r\n\t<li>ViewModel 广播该改变。（ViewModel 并不直接告诉 View 发生了什么改变，只是广播有改变发生了。负责监视这一改变的 View 会收到广播，然后重新从 ViewModel 提取数据，并重绘自己，完成相应的改变）</li>\r\n\t<li>View 观察到改变，重新获取数据，重绘自己完成改变</li>\r\n</ol>\r\n\r\n<p>&lt;p align=&quot;center&quot;&gt; &lt;img src=&quot;https://raw.githubusercontent.com/TortoiseKnightB/ios-LearningNotes/main/images/model_view.png&quot; alt=&quot;截屏2021-01-30 下午8.05.54&quot; width=&quot;600&quot; align=center /&gt; &lt;/p&gt;</p>\r\n\r\n<p>&amp;ensp;&amp;ensp;&amp;ensp;&amp;ensp;<strong>View =&gt; Model：</strong>（当用户点击卡片时）</p>\r\n\r\n<ol>\r\n\t<li>用户进行某些操作（点击卡片），View 向 ViewModel 发送用户的操作信息</li>\r\n\t<li>ViewModel 接收并处理用户的意图（用户想要点击某一卡片）</li>\r\n\t<li>ViewModel 对 Model 进行相应的改变（后台的卡片数据更改）</li>\r\n</ol>\r\n\r\n<p>&amp;ensp;&amp;ensp;&amp;ensp;&amp;ensp;注意，当因为用户操作导致 Model 发生改变后，又会进行上诉的 Model =&gt; View 的过程（获取更改后的卡片数据，并重新绘制界面）</p>\r\n\r\n<p>&lt;p align=&quot;center&quot;&gt; &lt;img src=&quot;https://raw.githubusercontent.com/TortoiseKnightB/ios-LearningNotes/main/images/v_m.png&quot; alt=&quot;截屏2021-01-30 下午8.12.52&quot; width=&quot;600&quot; align=center /&gt; &lt;/p&gt;</p>\r\n\r\n<p>&amp;ensp;&amp;ensp;&amp;ensp;&amp;ensp;下面在具体的代码中介绍如何实现简单的 MVVM 模型（所有代码均来自斯坦福 Swift 课程）</p>\r\n\r\n<p>`swift // View // EmojiMemoryGameView.swift // 卡片界面部分的主要代码 struct EmojiMemoryGameView: View { @ObservedObject var viewModel: EmojiMemoryGame</p>\r\n\r\n<pre>\r\n<code>// 生成卡片\r\nvar body: some View {\r\n    return HStack {\r\n        ForEach(viewModel.cards) { card in\r\n            CardView(card: card).onTapGesture {\r\n                self.viewModel.choose(card: card)\r\n            }\r\n        }\r\n    }\r\n            .foregroundColor(.orange)\r\n            .padding()\r\n}</code></pre>\r\n\r\n<p>}</p>\r\n\r\n<p>// ViewModel // EmojiMemoryGame.swift class EmojiMemoryGame: ObservableObject { // Published 每次变量 model 发生变化时，进行广播 @Published private var model: MemoryGame&lt;String&gt; = EmojiMemoryGame.createMemoryGame()</p>\r\n\r\n<pre>\r\n<code>static func createMemoryGame() -&gt; MemoryGame&lt;String&gt;{\r\n    let emojis: Array&lt;String&gt; = [&quot;👻&quot;,&quot;🎃&quot;,&quot;🕷&quot;]\r\n    return MemoryGame&lt;String&gt;(numberOfPairsOfCards: emojis.count) { pairIndex in\r\n        return emojis[pairIndex]\r\n    }\r\n}\r\n\r\n// Mark - Access to the Model\r\nvar cards: Array&lt;MemoryGame&lt;String&gt;.Card&gt;{\r\n    model.cards\r\n}\r\n\r\n// Mark: - Intent(s)\r\nfunc choose(card: MemoryGame&lt;String&gt;.Card) {\r\n    model.choose(card: card)\r\n}</code></pre>\r\n\r\n<p>}</p>\r\n\r\n<p>// Model // MemoryGame.swift // Model 部分代码 struct MemoryGame&lt;CardContent&gt; { var cards: Array&lt;Card&gt;</p>\r\n\r\n<pre>\r\n<code>mutating func choose(card: Card){     \r\n    print(&quot;card chosen: \\(card)&quot;)\r\n    let chosenIndex: Int = self.index(of: card)\r\n    self.cards[chosenIndex].isFaceUp = !self.cards[chosenIndex].isFaceUp\r\n}\r\n...\r\n...\r\nstruct Card: Identifiable {\r\n    var isFaceUp: Bool = true\r\n    var isMatched: Bool = false\r\n    var content: CardContent\r\n    var id: Int\r\n}</code></pre>\r\n\r\n<p>} `</p>\r\n\r\n<p>&amp;ensp;&amp;ensp;&amp;ensp;&amp;ensp;在 View 部分中，结构体 EmojiMemoryGameView 中有一个 EmojiMemoryGame 型的变量 viewModel，通过该变量建立 View 与 ViewModel 的联系。</p>\r\n\r\n<p>&amp;ensp;&amp;ensp;&amp;ensp;&amp;ensp;在 ViewModel 部分中，类 EmojiMemoryGame 中有一个 MemoryGame 型的变量 model，通过该变量 ViewModel 能够获取 Model 的数据与业务逻辑。</p>\r\n\r\n<p>&amp;ensp;&amp;ensp;&amp;ensp;&amp;ensp;在用户点击卡片时，ViewModel 处理用户意图，并改变后台数据 Model。ViewModel 注意到 Model 数据的改变，并将处理后的改变广播给 View。View 收到广播后重新通过 ViewModel 获取数据，并重绘界面。</p>\r\n\r\n<p>&amp;ensp;&amp;ensp;&amp;ensp;&amp;ensp;为了实现上诉过程，在 ViewModel 部分中，类 EmojiMemoryGame 需要添加协议 ObservableObject，并在类里面需要注意变化的变量 model 前加上 @Published。这样每当 Model 发生变化时，ViewModel 都会注意到该变化并进行广播。</p>\r\n\r\n<p>&amp;ensp;&amp;ensp;&amp;ensp;&amp;ensp;在 View 部分中，在类 EmojiMemoryGameView 中的变量 viewModel 前加上 @ObservedObject。这样每当 ViewModel 进行广播时，View 就能观察到是否有改变，并作出相应改变。因为 Model 部分中的结构体 Card 添加了 Identifiable 协议，有唯一的 id 可识别，所以 View 在重新绘制界面的时候不会重绘所有 Card，只会重绘发生改变的 Card。</p>", "author": 1, "read_num": 1, "created_time": "2021-01-08T13:17:07.265Z", "last_updated_time": "2021-02-21T06:43:59.728Z"}}, {"model": "read_statistics.readnum", "pk": 1, "fields": {"read_num": 21, "content_type": 7, "object_id": 36}}, {"model": "read_statistics.readnum", "pk": 2, "fields": {"read_num": 5, "content_type": 7, "object_id": 33}}, {"model": "read_statistics.readnum", "pk": 3, "fields": {"read_num": 6, "content_type": 7, "object_id": 30}}, {"model": "read_statistics.readnum", "pk": 4, "fields": {"read_num": 4, "content_type": 7, "object_id": 34}}, {"model": "read_statistics.readnum", "pk": 5, "fields": {"read_num": 5, "content_type": 7, "object_id": 35}}, {"model": "read_statistics.readnum", "pk": 6, "fields": {"read_num": 1, "content_type": 7, "object_id": 37}}, {"model": "read_statistics.readnum", "pk": 7, "fields": {"read_num": 3, "content_type": 7, "object_id": 31}}, {"model": "read_statistics.readnum", "pk": 8, "fields": {"read_num": 1, "content_type": 7, "object_id": 15}}, {"model": "read_statistics.readnum", "pk": 9, "fields": {"read_num": 1, "content_type": 7, "object_id": 25}}, {"model": "read_statistics.readnum", "pk": 10, "fields": {"read_num": 3, "content_type": 7, "object_id": 32}}, {"model": "read_statistics.readnum", "pk": 11, "fields": {"read_num": 7, "content_type": 7, "object_id": 29}}, {"model": "read_statistics.readnum", "pk": 12, "fields": {"read_num": 2, "content_type": 7, "object_id": 28}}, {"model": "read_statistics.readnum", "pk": 13, "fields": {"read_num": 1, "content_type": 7, "object_id": 27}}, {"model": "read_statistics.readnum", "pk": 14, "fields": {"read_num": 1, "content_type": 7, "object_id": 18}}, {"model": "read_statistics.readnum", "pk": 15, "fields": {"read_num": 1, "content_type": 7, "object_id": 26}}, {"model": "read_statistics.readnum", "pk": 16, "fields": {"read_num": 1, "content_type": 7, "object_id": 23}}, {"model": "read_statistics.readnum", "pk": 17, "fields": {"read_num": 1, "content_type": 7, "object_id": 11}}, {"model": "read_statistics.readdetail", "pk": 1, "fields": {"date": "2021-02-22", "read_num": 3, "content_type": 7, "object_id": 30}}, {"model": "read_statistics.readdetail", "pk": 2, "fields": {"date": "2021-02-21", "read_num": 2, "content_type": 7, "object_id": 23}}, {"model": "read_statistics.readdetail", "pk": 3, "fields": {"date": "2021-02-20", "read_num": 5, "content_type": 7, "object_id": 26}}, {"model": "read_statistics.readdetail", "pk": 4, "fields": {"date": "2021-02-19", "read_num": 11, "content_type": 7, "object_id": 18}}, {"model": "read_statistics.readdetail", "pk": 5, "fields": {"date": "2021-02-22", "read_num": 11, "content_type": 7, "object_id": 11}}, {"model": "read_statistics.readdetail", "pk": 6, "fields": {"date": "2021-02-21", "read_num": 20, "content_type": 7, "object_id": 25}}, {"model": "read_statistics.readdetail", "pk": 7, "fields": {"date": "2021-02-22", "read_num": 1, "content_type": 7, "object_id": 25}}, {"model": "read_statistics.readdetail", "pk": 8, "fields": {"date": "2021-02-22", "read_num": 1, "content_type": 7, "object_id": 34}}, {"model": "read_statistics.readdetail", "pk": 9, "fields": {"date": "2021-02-22", "read_num": 1, "content_type": 7, "object_id": 33}}, {"model": "read_statistics.readdetail", "pk": 10, "fields": {"date": "2021-02-22", "read_num": 2, "content_type": 7, "object_id": 32}}, {"model": "read_statistics.readdetail", "pk": 11, "fields": {"date": "2021-02-22", "read_num": 1, "content_type": 7, "object_id": 31}}, {"model": "read_statistics.readdetail", "pk": 12, "fields": {"date": "2021-02-22", "read_num": 1, "content_type": 7, "object_id": 29}}, {"model": "read_statistics.readdetail", "pk": 13, "fields": {"date": "2021-02-22", "read_num": 1, "content_type": 7, "object_id": 28}}, {"model": "read_statistics.readdetail", "pk": 14, "fields": {"date": "2021-02-22", "read_num": 1, "content_type": 7, "object_id": 27}}, {"model": "read_statistics.readdetail", "pk": 15, "fields": {"date": "2021-02-22", "read_num": 1, "content_type": 7, "object_id": 18}}, {"model": "read_statistics.readdetail", "pk": 16, "fields": {"date": "2021-02-22", "read_num": 1, "content_type": 7, "object_id": 26}}, {"model": "read_statistics.readdetail", "pk": 17, "fields": {"date": "2021-02-22", "read_num": 1, "content_type": 7, "object_id": 23}}, {"model": "read_statistics.readdetail", "pk": 18, "fields": {"date": "2021-02-22", "read_num": 1, "content_type": 7, "object_id": 36}}, {"model": "read_statistics.readdetail", "pk": 19, "fields": {"date": "2021-02-23", "read_num": 2, "content_type": 7, "object_id": 34}}, {"model": "read_statistics.readdetail", "pk": 20, "fields": {"date": "2021-02-23", "read_num": 3, "content_type": 7, "object_id": 30}}, {"model": "read_statistics.readdetail", "pk": 21, "fields": {"date": "2021-02-23", "read_num": 1, "content_type": 7, "object_id": 31}}, {"model": "read_statistics.readdetail", "pk": 22, "fields": {"date": "2021-02-23", "read_num": 1, "content_type": 7, "object_id": 36}}, {"model": "read_statistics.readdetail", "pk": 23, "fields": {"date": "2021-02-23", "read_num": 1, "content_type": 7, "object_id": 32}}, {"model": "read_statistics.readdetail", "pk": 24, "fields": {"date": "2021-02-23", "read_num": 1, "content_type": 7, "object_id": 33}}, {"model": "read_statistics.readdetail", "pk": 25, "fields": {"date": "2021-02-23", "read_num": 1, "content_type": 7, "object_id": 35}}, {"model": "read_statistics.readdetail", "pk": 26, "fields": {"date": "2021-02-24", "read_num": 1, "content_type": 7, "object_id": 29}}, {"model": "read_statistics.readdetail", "pk": 27, "fields": {"date": "2021-02-24", "read_num": 1, "content_type": 7, "object_id": 28}}, {"model": "read_statistics.readdetail", "pk": 28, "fields": {"date": "2021-02-25", "read_num": 2, "content_type": 7, "object_id": 29}}, {"model": "read_statistics.readdetail", "pk": 29, "fields": {"date": "2021-02-25", "read_num": 1, "content_type": 7, "object_id": 36}}, {"model": "read_statistics.readdetail", "pk": 30, "fields": {"date": "2021-02-25", "read_num": 1, "content_type": 7, "object_id": 30}}, {"model": "read_statistics.readdetail", "pk": 31, "fields": {"date": "2021-02-26", "read_num": 2, "content_type": 7, "object_id": 29}}, {"model": "read_statistics.readdetail", "pk": 32, "fields": {"date": "2021-02-27", "read_num": 1, "content_type": 7, "object_id": 29}}, {"model": "comment.comment", "pk": 5, "fields": {"content_type": 7, "object_id": 30, "text": "<p>yohoho~</p>\r\n\r\n<p>&nbsp;</p>\r\n\r\n<p>&nbsp;</p>", "comment_time": "2021-02-24T05:33:41.169Z", "user": 2, "root": null, "parent": null, "reply_to": null}}, {"model": "comment.comment", "pk": 8, "fields": {"content_type": 7, "object_id": 30, "text": "<p>好</p>", "comment_time": "2021-02-24T05:51:42.779Z", "user": 2, "root": null, "parent": null, "reply_to": null}}, {"model": "comment.comment", "pk": 9, "fields": {"content_type": 7, "object_id": 30, "text": "<p>a</p>", "comment_time": "2021-02-24T06:18:20.725Z", "user": 2, "root": null, "parent": null, "reply_to": null}}, {"model": "comment.comment", "pk": 10, "fields": {"content_type": 7, "object_id": 30, "text": "<p>sasdsd</p>", "comment_time": "2021-02-24T06:18:22.647Z", "user": 2, "root": null, "parent": null, "reply_to": null}}, {"model": "comment.comment", "pk": 11, "fields": {"content_type": 7, "object_id": 30, "text": "<p>sdawda</p>", "comment_time": "2021-02-24T06:18:24.495Z", "user": 2, "root": null, "parent": null, "reply_to": null}}, {"model": "comment.comment", "pk": 12, "fields": {"content_type": 7, "object_id": 30, "text": "<p>12323</p>", "comment_time": "2021-02-24T06:18:26.450Z", "user": 2, "root": null, "parent": null, "reply_to": null}}, {"model": "comment.comment", "pk": 13, "fields": {"content_type": 7, "object_id": 30, "text": "<p>👻</p>", "comment_time": "2021-02-24T06:18:30.551Z", "user": 2, "root": null, "parent": null, "reply_to": null}}, {"model": "comment.comment", "pk": 14, "fields": {"content_type": 7, "object_id": 30, "text": "<p>sdfef</p>", "comment_time": "2021-02-24T06:18:32.722Z", "user": 2, "root": null, "parent": null, "reply_to": null}}, {"model": "comment.comment", "pk": 15, "fields": {"content_type": 7, "object_id": 30, "text": "<p>sd</p>", "comment_time": "2021-02-24T06:22:01.551Z", "user": 2, "root": null, "parent": null, "reply_to": null}}, {"model": "comment.comment", "pk": 16, "fields": {"content_type": 7, "object_id": 30, "text": "<p><strong><span style=\"color:#95a5a6\"><span style=\"background-color:#1abc9c\">👻<em><sub>🎃</sub></em><s><sup>🕷</sup></s></span></span></strong></p>", "comment_time": "2021-02-24T06:45:45.444Z", "user": 2, "root": null, "parent": null, "reply_to": null}}, {"model": "comment.comment", "pk": 17, "fields": {"content_type": 7, "object_id": 30, "text": "<p>as</p>", "comment_time": "2021-02-24T07:03:55.703Z", "user": 2, "root": null, "parent": null, "reply_to": null}}, {"model": "comment.comment", "pk": 18, "fields": {"content_type": 7, "object_id": 30, "text": "<p>hahaha</p>", "comment_time": "2021-02-24T07:04:03.358Z", "user": 2, "root": 17, "parent": 17, "reply_to": 2}}, {"model": "comment.comment", "pk": 19, "fields": {"content_type": 7, "object_id": 30, "text": "<p>ss</p>", "comment_time": "2021-02-24T07:04:56.935Z", "user": 2, "root": 17, "parent": 18, "reply_to": 2}}, {"model": "comment.comment", "pk": 20, "fields": {"content_type": 7, "object_id": 30, "text": "<p>aa</p>", "comment_time": "2021-02-24T07:05:12.609Z", "user": 2, "root": 17, "parent": 17, "reply_to": 2}}, {"model": "comment.comment", "pk": 21, "fields": {"content_type": 7, "object_id": 30, "text": "<p>as</p>", "comment_time": "2021-02-24T07:05:21.517Z", "user": 2, "root": 16, "parent": 16, "reply_to": 2}}, {"model": "comment.comment", "pk": 22, "fields": {"content_type": 7, "object_id": 30, "text": "<p>a</p>", "comment_time": "2021-02-24T07:05:28.003Z", "user": 2, "root": null, "parent": null, "reply_to": null}}, {"model": "comment.comment", "pk": 23, "fields": {"content_type": 7, "object_id": 30, "text": "<p>xiao<img alt=\"smiley\" height=\"23\" src=\"http://localhost:8000/static/ckeditor/ckeditor/plugins/smiley/images/regular_smile.png\" title=\"smiley\" width=\"23\" /></p>", "comment_time": "2021-02-24T07:05:40.428Z", "user": 2, "root": 22, "parent": 22, "reply_to": 2}}, {"model": "comment.comment", "pk": 24, "fields": {"content_type": 7, "object_id": 30, "text": "<p>a</p>", "comment_time": "2021-02-24T08:06:53.513Z", "user": 2, "root": 22, "parent": 23, "reply_to": 2}}, {"model": "comment.comment", "pk": 25, "fields": {"content_type": 7, "object_id": 30, "text": "<p>a</p>", "comment_time": "2021-02-24T08:07:06.370Z", "user": 2, "root": 22, "parent": 24, "reply_to": 2}}, {"model": "comment.comment", "pk": 26, "fields": {"content_type": 7, "object_id": 30, "text": "<p>aa</p>", "comment_time": "2021-02-24T08:07:22.049Z", "user": 2, "root": null, "parent": null, "reply_to": null}}, {"model": "comment.comment", "pk": 27, "fields": {"content_type": 7, "object_id": 30, "text": "<p>111</p>", "comment_time": "2021-02-24T08:07:28.023Z", "user": 2, "root": null, "parent": null, "reply_to": null}}, {"model": "comment.comment", "pk": 28, "fields": {"content_type": 7, "object_id": 30, "text": "<p>111</p>", "comment_time": "2021-02-24T08:07:32.931Z", "user": 2, "root": null, "parent": null, "reply_to": null}}, {"model": "comment.comment", "pk": 29, "fields": {"content_type": 7, "object_id": 30, "text": "<p>222</p>", "comment_time": "2021-02-24T08:07:42.963Z", "user": 2, "root": 28, "parent": 28, "reply_to": 2}}, {"model": "comment.comment", "pk": 30, "fields": {"content_type": 7, "object_id": 30, "text": "<p>333</p>", "comment_time": "2021-02-24T08:09:01.537Z", "user": 2, "root": 28, "parent": 28, "reply_to": 2}}, {"model": "comment.comment", "pk": 31, "fields": {"content_type": 7, "object_id": 30, "text": "<p>aaa</p>", "comment_time": "2021-02-24T08:12:27.250Z", "user": 2, "root": 28, "parent": 28, "reply_to": 2}}, {"model": "comment.comment", "pk": 32, "fields": {"content_type": 7, "object_id": 30, "text": "<p>a</p>", "comment_time": "2021-02-24T08:57:09.158Z", "user": 2, "root": 28, "parent": 28, "reply_to": 2}}, {"model": "comment.comment", "pk": 33, "fields": {"content_type": 7, "object_id": 30, "text": "<p>a</p>", "comment_time": "2021-02-24T08:57:46.200Z", "user": 2, "root": 28, "parent": 28, "reply_to": 2}}, {"model": "comment.comment", "pk": 34, "fields": {"content_type": 7, "object_id": 30, "text": "<p>a</p>", "comment_time": "2021-02-24T08:57:48.254Z", "user": 2, "root": 28, "parent": 28, "reply_to": 2}}, {"model": "comment.comment", "pk": 35, "fields": {"content_type": 7, "object_id": 30, "text": "<p>a</p>", "comment_time": "2021-02-24T08:58:53.042Z", "user": 2, "root": 28, "parent": 28, "reply_to": 2}}, {"model": "comment.comment", "pk": 36, "fields": {"content_type": 7, "object_id": 30, "text": "<p>a</p>", "comment_time": "2021-02-24T08:59:08.868Z", "user": 2, "root": 28, "parent": 28, "reply_to": 2}}, {"model": "comment.comment", "pk": 37, "fields": {"content_type": 7, "object_id": 30, "text": "<p>aa</p>", "comment_time": "2021-02-24T09:05:30.439Z", "user": 2, "root": null, "parent": null, "reply_to": null}}, {"model": "comment.comment", "pk": 38, "fields": {"content_type": 7, "object_id": 30, "text": "<p>a</p>", "comment_time": "2021-02-24T09:06:20.632Z", "user": 2, "root": 37, "parent": 37, "reply_to": 2}}, {"model": "comment.comment", "pk": 39, "fields": {"content_type": 7, "object_id": 30, "text": "<p>b</p>", "comment_time": "2021-02-24T09:06:26.729Z", "user": 2, "root": 37, "parent": 37, "reply_to": 2}}, {"model": "comment.comment", "pk": 40, "fields": {"content_type": 7, "object_id": 30, "text": "<p>c</p>", "comment_time": "2021-02-24T09:07:04.326Z", "user": 2, "root": null, "parent": null, "reply_to": null}}, {"model": "comment.comment", "pk": 41, "fields": {"content_type": 7, "object_id": 30, "text": "<p>c</p>", "comment_time": "2021-02-24T09:07:15.099Z", "user": 2, "root": 37, "parent": 37, "reply_to": 2}}, {"model": "comment.comment", "pk": 42, "fields": {"content_type": 7, "object_id": 30, "text": "<p>a</p>", "comment_time": "2021-02-24T09:14:03.954Z", "user": 2, "root": null, "parent": null, "reply_to": null}}, {"model": "comment.comment", "pk": 43, "fields": {"content_type": 7, "object_id": 30, "text": "<p>b</p>", "comment_time": "2021-02-24T09:14:12.739Z", "user": 2, "root": null, "parent": null, "reply_to": null}}, {"model": "comment.comment", "pk": 44, "fields": {"content_type": 7, "object_id": 30, "text": "<p>啊</p>", "comment_time": "2021-02-24T09:28:46.303Z", "user": 2, "root": null, "parent": null, "reply_to": null}}, {"model": "comment.comment", "pk": 45, "fields": {"content_type": 7, "object_id": 30, "text": "<p>1</p>", "comment_time": "2021-02-24T09:28:51.719Z", "user": 2, "root": 44, "parent": 44, "reply_to": 2}}, {"model": "comment.comment", "pk": 46, "fields": {"content_type": 7, "object_id": 30, "text": "<p>2</p>", "comment_time": "2021-02-24T09:28:57.228Z", "user": 2, "root": null, "parent": null, "reply_to": null}}, {"model": "comment.comment", "pk": 47, "fields": {"content_type": 7, "object_id": 30, "text": "<p>2</p>", "comment_time": "2021-02-24T09:29:04.490Z", "user": 2, "root": 44, "parent": 44, "reply_to": 2}}, {"model": "comment.comment", "pk": 48, "fields": {"content_type": 7, "object_id": 36, "text": "<p>好</p>", "comment_time": "2021-02-24T10:42:47.193Z", "user": 2, "root": null, "parent": null, "reply_to": null}}, {"model": "comment.comment", "pk": 49, "fields": {"content_type": 7, "object_id": 35, "text": "<p>666</p>", "comment_time": "2021-02-24T10:46:40.072Z", "user": 2, "root": null, "parent": null, "reply_to": null}}, {"model": "comment.comment", "pk": 50, "fields": {"content_type": 7, "object_id": 36, "text": "<p>haod</p>", "comment_time": "2021-02-24T11:00:19.149Z", "user": 2, "root": null, "parent": null, "reply_to": null}}, {"model": "comment.comment", "pk": 51, "fields": {"content_type": 7, "object_id": 36, "text": "<p>haha</p>", "comment_time": "2021-02-24T11:00:36.757Z", "user": 2, "root": null, "parent": null, "reply_to": null}}, {"model": "comment.comment", "pk": 52, "fields": {"content_type": 7, "object_id": 36, "text": "<p>1</p>", "comment_time": "2021-02-24T11:07:08.764Z", "user": 2, "root": null, "parent": null, "reply_to": null}}, {"model": "comment.comment", "pk": 53, "fields": {"content_type": 7, "object_id": 36, "text": "<p>2</p>", "comment_time": "2021-02-24T11:07:11.291Z", "user": 2, "root": null, "parent": null, "reply_to": null}}, {"model": "comment.comment", "pk": 54, "fields": {"content_type": 7, "object_id": 36, "text": "<p>3</p>", "comment_time": "2021-02-24T11:07:14.624Z", "user": 2, "root": 53, "parent": 53, "reply_to": 2}}, {"model": "comment.comment", "pk": 55, "fields": {"content_type": 7, "object_id": 36, "text": "<p>4</p>", "comment_time": "2021-02-24T11:07:26.494Z", "user": 2, "root": null, "parent": null, "reply_to": null}}, {"model": "comment.comment", "pk": 56, "fields": {"content_type": 7, "object_id": 36, "text": "<p>5</p>", "comment_time": "2021-02-24T11:07:36.447Z", "user": 2, "root": 53, "parent": 53, "reply_to": 2}}, {"model": "comment.comment", "pk": 57, "fields": {"content_type": 7, "object_id": 36, "text": "<p>6</p>", "comment_time": "2021-02-24T11:07:48.525Z", "user": 2, "root": null, "parent": null, "reply_to": null}}, {"model": "comment.comment", "pk": 58, "fields": {"content_type": 7, "object_id": 36, "text": "<p>7</p>", "comment_time": "2021-02-24T11:07:59.264Z", "user": 2, "root": 57, "parent": 57, "reply_to": 2}}, {"model": "comment.comment", "pk": 59, "fields": {"content_type": 7, "object_id": 36, "text": "<p>a</p>", "comment_time": "2021-02-24T11:26:48.536Z", "user": 2, "root": null, "parent": null, "reply_to": null}}, {"model": "comment.comment", "pk": 60, "fields": {"content_type": 7, "object_id": 36, "text": "<p>a</p>", "comment_time": "2021-02-24T11:27:24.690Z", "user": 2, "root": null, "parent": null, "reply_to": null}}, {"model": "comment.comment", "pk": 61, "fields": {"content_type": 7, "object_id": 36, "text": "<p>a</p>", "comment_time": "2021-02-24T11:28:27.371Z", "user": 2, "root": null, "parent": null, "reply_to": null}}, {"model": "comment.comment", "pk": 62, "fields": {"content_type": 7, "object_id": 36, "text": "<p>b</p>", "comment_time": "2021-02-24T11:29:20.200Z", "user": 2, "root": null, "parent": null, "reply_to": null}}, {"model": "comment.comment", "pk": 63, "fields": {"content_type": 7, "object_id": 36, "text": "<p>c</p>", "comment_time": "2021-02-24T11:29:28.120Z", "user": 2, "root": 62, "parent": 62, "reply_to": 2}}, {"model": "comment.comment", "pk": 64, "fields": {"content_type": 7, "object_id": 36, "text": "<p>a</p>", "comment_time": "2021-02-24T11:34:01.810Z", "user": 2, "root": null, "parent": null, "reply_to": null}}, {"model": "comment.comment", "pk": 65, "fields": {"content_type": 7, "object_id": 36, "text": "<p>c</p>", "comment_time": "2021-02-24T11:34:08.399Z", "user": 2, "root": 64, "parent": 64, "reply_to": 2}}, {"model": "comment.comment", "pk": 66, "fields": {"content_type": 7, "object_id": 36, "text": "<p>1</p>", "comment_time": "2021-02-24T11:34:39.004Z", "user": 2, "root": null, "parent": null, "reply_to": null}}, {"model": "comment.comment", "pk": 67, "fields": {"content_type": 7, "object_id": 36, "text": "<p>2</p>", "comment_time": "2021-02-24T11:34:43.061Z", "user": 2, "root": 66, "parent": 66, "reply_to": 2}}, {"model": "comment.comment", "pk": 68, "fields": {"content_type": 7, "object_id": 36, "text": "<p>c</p>", "comment_time": "2021-02-24T11:38:20.015Z", "user": 2, "root": null, "parent": null, "reply_to": null}}, {"model": "comment.comment", "pk": 69, "fields": {"content_type": 7, "object_id": 36, "text": "<p>cc</p>", "comment_time": "2021-02-24T11:38:25.725Z", "user": 2, "root": 68, "parent": 68, "reply_to": 2}}, {"model": "comment.comment", "pk": 70, "fields": {"content_type": 7, "object_id": 36, "text": "<p>4</p>", "comment_time": "2021-02-24T11:42:51.810Z", "user": 2, "root": 68, "parent": 68, "reply_to": 2}}, {"model": "comment.comment", "pk": 78, "fields": {"content_type": 7, "object_id": 31, "text": "<p>2</p>", "comment_time": "2021-02-24T12:07:36.431Z", "user": 2, "root": null, "parent": null, "reply_to": null}}, {"model": "comment.comment", "pk": 79, "fields": {"content_type": 7, "object_id": 31, "text": "<p>nihao</p>", "comment_time": "2021-02-24T12:08:09.672Z", "user": 2, "root": 78, "parent": 78, "reply_to": 2}}, {"model": "comment.comment", "pk": 80, "fields": {"content_type": 7, "object_id": 31, "text": "<p>yoyo</p>", "comment_time": "2021-02-24T12:08:13.320Z", "user": 2, "root": null, "parent": null, "reply_to": null}}, {"model": "comment.comment", "pk": 81, "fields": {"content_type": 7, "object_id": 30, "text": "<p>a</p>", "comment_time": "2021-02-25T01:47:47.288Z", "user": 1, "root": null, "parent": null, "reply_to": null}}, {"model": "comment.comment", "pk": 82, "fields": {"content_type": 7, "object_id": 30, "text": "<p>ahah</p>", "comment_time": "2021-02-25T01:48:26.232Z", "user": 1, "root": 81, "parent": 81, "reply_to": 1}}, {"model": "comment.comment", "pk": 83, "fields": {"content_type": 7, "object_id": 30, "text": "<p>sa</p>", "comment_time": "2021-02-25T01:48:34.670Z", "user": 1, "root": 81, "parent": 81, "reply_to": 1}}, {"model": "comment.comment", "pk": 84, "fields": {"content_type": 7, "object_id": 30, "text": "<p>a</p>", "comment_time": "2021-02-25T01:48:41.360Z", "user": 1, "root": 81, "parent": 83, "reply_to": 1}}, {"model": "comment.comment", "pk": 85, "fields": {"content_type": 7, "object_id": 31, "text": "<p>yoyo</p>", "comment_time": "2021-02-25T01:50:09.790Z", "user": 1, "root": null, "parent": null, "reply_to": null}}, {"model": "comment.comment", "pk": 86, "fields": {"content_type": 7, "object_id": 31, "text": "<p>s</p>", "comment_time": "2021-02-25T01:50:16.511Z", "user": 1, "root": 85, "parent": 85, "reply_to": 1}}, {"model": "comment.comment", "pk": 87, "fields": {"content_type": 7, "object_id": 30, "text": "<p>a</p>", "comment_time": "2021-02-25T01:51:20.408Z", "user": 1, "root": null, "parent": null, "reply_to": null}}, {"model": "comment.comment", "pk": 88, "fields": {"content_type": 7, "object_id": 30, "text": "<p>a</p>", "comment_time": "2021-02-25T01:51:30.914Z", "user": 1, "root": 87, "parent": 87, "reply_to": 1}}, {"model": "comment.comment", "pk": 89, "fields": {"content_type": 7, "object_id": 30, "text": "<p>a</p>", "comment_time": "2021-02-25T01:51:41.521Z", "user": 1, "root": null, "parent": null, "reply_to": null}}, {"model": "comment.comment", "pk": 90, "fields": {"content_type": 7, "object_id": 30, "text": "<p>s</p>", "comment_time": "2021-02-25T01:51:46.790Z", "user": 1, "root": 89, "parent": 89, "reply_to": 1}}, {"model": "comment.comment", "pk": 91, "fields": {"content_type": 7, "object_id": 30, "text": "<p>a</p>", "comment_time": "2021-02-25T01:51:58.263Z", "user": 1, "root": null, "parent": null, "reply_to": null}}, {"model": "comment.comment", "pk": 92, "fields": {"content_type": 7, "object_id": 30, "text": "<p>a</p>", "comment_time": "2021-02-25T01:52:02.570Z", "user": 1, "root": 91, "parent": 91, "reply_to": 1}}, {"model": "comment.comment", "pk": 93, "fields": {"content_type": 7, "object_id": 36, "text": "<p>a</p>", "comment_time": "2021-02-25T02:00:59.248Z", "user": 1, "root": 68, "parent": 68, "reply_to": 2}}, {"model": "comment.comment", "pk": 94, "fields": {"content_type": 7, "object_id": 36, "text": "<p>yoyo</p>", "comment_time": "2021-02-25T02:01:06.072Z", "user": 1, "root": 68, "parent": 93, "reply_to": 1}}, {"model": "comment.comment", "pk": 95, "fields": {"content_type": 7, "object_id": 29, "text": "<p>haha</p>", "comment_time": "2021-02-25T04:44:45.933Z", "user": 1, "root": null, "parent": null, "reply_to": null}}, {"model": "comment.comment", "pk": 96, "fields": {"content_type": 7, "object_id": 29, "text": "<p>yoyo</p>\r\n\r\n<p>&nbsp;</p>", "comment_time": "2021-02-25T04:44:53.032Z", "user": 1, "root": 95, "parent": 95, "reply_to": 1}}, {"model": "comment.comment", "pk": 97, "fields": {"content_type": 7, "object_id": 29, "text": "<p>nihao</p>", "comment_time": "2021-02-25T04:44:57.178Z", "user": 1, "root": null, "parent": null, "reply_to": null}}, {"model": "comment.comment", "pk": 98, "fields": {"content_type": 7, "object_id": 29, "text": "<p>xixi</p>", "comment_time": "2021-02-25T04:45:02.594Z", "user": 1, "root": 95, "parent": 96, "reply_to": 1}}, {"model": "comment.comment", "pk": 99, "fields": {"content_type": 7, "object_id": 30, "text": "<p>999</p>", "comment_time": "2021-02-25T09:30:07.498Z", "user": 2, "root": null, "parent": null, "reply_to": null}}, {"model": "comment.comment", "pk": 100, "fields": {"content_type": 7, "object_id": 30, "text": "<p>hahah</p>", "comment_time": "2021-02-25T09:30:13.002Z", "user": 2, "root": 91, "parent": 92, "reply_to": 1}}, {"model": "comment.comment", "pk": 101, "fields": {"content_type": 7, "object_id": 30, "text": "<p>asa</p>", "comment_time": "2021-02-25T09:31:08.094Z", "user": 2, "root": 91, "parent": 91, "reply_to": 1}}, {"model": "comment.comment", "pk": 102, "fields": {"content_type": 7, "object_id": 30, "text": "<p>a</p>", "comment_time": "2021-02-25T09:31:13.317Z", "user": 2, "root": 99, "parent": 99, "reply_to": 2}}, {"model": "comment.comment", "pk": 103, "fields": {"content_type": 7, "object_id": 30, "text": "<p>啊</p>", "comment_time": "2021-02-25T09:32:12.657Z", "user": 2, "root": 99, "parent": 99, "reply_to": 2}}, {"model": "comment.comment", "pk": 104, "fields": {"content_type": 7, "object_id": 29, "text": "<p>邮件测试</p>", "comment_time": "2021-02-26T01:48:02.135Z", "user": 1, "root": null, "parent": null, "reply_to": null}}, {"model": "comment.comment", "pk": 105, "fields": {"content_type": 7, "object_id": 29, "text": "<p>回复测试</p>", "comment_time": "2021-02-26T01:50:29.539Z", "user": 1, "root": 104, "parent": 104, "reply_to": 1}}, {"model": "comment.comment", "pk": 106, "fields": {"content_type": 7, "object_id": 29, "text": "<p>回复测试</p>", "comment_time": "2021-02-26T01:51:42.241Z", "user": 1, "root": 104, "parent": 104, "reply_to": 1}}, {"model": "comment.comment", "pk": 107, "fields": {"content_type": 7, "object_id": 29, "text": "<p>回复测试2</p>", "comment_time": "2021-02-26T01:52:18.124Z", "user": 1, "root": 104, "parent": 106, "reply_to": 1}}, {"model": "comment.comment", "pk": 108, "fields": {"content_type": 7, "object_id": 29, "text": "<p>多线程发送邮件通知</p>", "comment_time": "2021-02-26T02:06:51.368Z", "user": 1, "root": null, "parent": null, "reply_to": null}}, {"model": "comment.comment", "pk": 109, "fields": {"content_type": 7, "object_id": 29, "text": "<p>多线程发送邮件通知</p>", "comment_time": "2021-02-26T02:07:43.118Z", "user": 1, "root": null, "parent": null, "reply_to": null}}, {"model": "comment.comment", "pk": 110, "fields": {"content_type": 7, "object_id": 29, "text": "<p>多线程发送邮件通知</p>", "comment_time": "2021-02-26T02:09:26.502Z", "user": 1, "root": null, "parent": null, "reply_to": null}}, {"model": "comment.comment", "pk": 111, "fields": {"content_type": 7, "object_id": 29, "text": "<p>多线程回复通知</p>", "comment_time": "2021-02-26T02:09:49.692Z", "user": 1, "root": 110, "parent": 110, "reply_to": 1}}, {"model": "comment.comment", "pk": 112, "fields": {"content_type": 7, "object_id": 29, "text": "<p>html测试</p>", "comment_time": "2021-02-26T02:41:12.932Z", "user": 1, "root": null, "parent": null, "reply_to": null}}, {"model": "comment.comment", "pk": 113, "fields": {"content_type": 7, "object_id": 29, "text": "<p>html测试2</p>", "comment_time": "2021-02-26T02:42:58.530Z", "user": 1, "root": null, "parent": null, "reply_to": null}}, {"model": "comment.comment", "pk": 114, "fields": {"content_type": 7, "object_id": 29, "text": "<p>test</p>", "comment_time": "2021-02-26T02:53:57.893Z", "user": 1, "root": null, "parent": null, "reply_to": null}}, {"model": "comment.comment", "pk": 115, "fields": {"content_type": 7, "object_id": 29, "text": "<p>tetst111</p>", "comment_time": "2021-02-26T02:55:42.309Z", "user": 1, "root": null, "parent": null, "reply_to": null}}, {"model": "comment.comment", "pk": 116, "fields": {"content_type": 7, "object_id": 29, "text": "<p>啊</p>", "comment_time": "2021-02-26T04:45:55.851Z", "user": 1, "root": null, "parent": null, "reply_to": null}}, {"model": "likes.likecount", "pk": 1, "fields": {"content_type": 7, "object_id": 30, "liked_num": 0}}, {"model": "likes.likecount", "pk": 2, "fields": {"content_type": 7, "object_id": 29, "liked_num": 2}}, {"model": "likes.likecount", "pk": 3, "fields": {"content_type": 7, "object_id": 28, "liked_num": 2}}, {"model": "likes.likecount", "pk": 4, "fields": {"content_type": 7, "object_id": 36, "liked_num": 1}}, {"model": "likes.likecount", "pk": 5, "fields": {"content_type": 7, "object_id": 35, "liked_num": 0}}, {"model": "likes.likecount", "pk": 6, "fields": {"content_type": 7, "object_id": 34, "liked_num": 0}}, {"model": "likes.likecount", "pk": 7, "fields": {"content_type": 7, "object_id": 33, "liked_num": 0}}, {"model": "likes.likecount", "pk": 8, "fields": {"content_type": 7, "object_id": 32, "liked_num": 0}}, {"model": "likes.likecount", "pk": 9, "fields": {"content_type": 7, "object_id": 31, "liked_num": 0}}, {"model": "likes.likecount", "pk": 10, "fields": {"content_type": 7, "object_id": 27, "liked_num": 0}}, {"model": "likes.likecount", "pk": 11, "fields": {"content_type": 7, "object_id": 26, "liked_num": 0}}, {"model": "likes.likecount", "pk": 12, "fields": {"content_type": 7, "object_id": 25, "liked_num": 0}}, {"model": "likes.likecount", "pk": 13, "fields": {"content_type": 7, "object_id": 24, "liked_num": 0}}, {"model": "likes.likecount", "pk": 14, "fields": {"content_type": 7, "object_id": 23, "liked_num": 0}}, {"model": "likes.likecount", "pk": 15, "fields": {"content_type": 11, "object_id": 46, "liked_num": 0}}, {"model": "likes.likecount", "pk": 16, "fields": {"content_type": 11, "object_id": 44, "liked_num": 0}}, {"model": "likes.likecount", "pk": 17, "fields": {"content_type": 11, "object_id": 43, "liked_num": 0}}, {"model": "likes.likecount", "pk": 18, "fields": {"content_type": 11, "object_id": 42, "liked_num": 0}}, {"model": "likes.likecount", "pk": 19, "fields": {"content_type": 11, "object_id": 40, "liked_num": 0}}, {"model": "likes.likecount", "pk": 20, "fields": {"content_type": 11, "object_id": 37, "liked_num": 0}}, {"model": "likes.likecount", "pk": 21, "fields": {"content_type": 11, "object_id": 28, "liked_num": 0}}, {"model": "likes.likecount", "pk": 22, "fields": {"content_type": 11, "object_id": 27, "liked_num": 0}}, {"model": "likes.likecount", "pk": 23, "fields": {"content_type": 11, "object_id": 26, "liked_num": 0}}, {"model": "likes.likecount", "pk": 24, "fields": {"content_type": 11, "object_id": 22, "liked_num": 0}}, {"model": "likes.likecount", "pk": 25, "fields": {"content_type": 11, "object_id": 17, "liked_num": 0}}, {"model": "likes.likecount", "pk": 26, "fields": {"content_type": 11, "object_id": 16, "liked_num": 0}}, {"model": "likes.likecount", "pk": 27, "fields": {"content_type": 11, "object_id": 15, "liked_num": 0}}, {"model": "likes.likecount", "pk": 28, "fields": {"content_type": 11, "object_id": 14, "liked_num": 0}}, {"model": "likes.likecount", "pk": 29, "fields": {"content_type": 11, "object_id": 13, "liked_num": 0}}, {"model": "likes.likecount", "pk": 30, "fields": {"content_type": 11, "object_id": 12, "liked_num": 0}}, {"model": "likes.likecount", "pk": 31, "fields": {"content_type": 11, "object_id": 11, "liked_num": 0}}, {"model": "likes.likecount", "pk": 32, "fields": {"content_type": 11, "object_id": 10, "liked_num": 0}}, {"model": "likes.likecount", "pk": 33, "fields": {"content_type": 11, "object_id": 9, "liked_num": 0}}, {"model": "likes.likecount", "pk": 34, "fields": {"content_type": 11, "object_id": 8, "liked_num": 0}}, {"model": "likes.likecount", "pk": 35, "fields": {"content_type": 11, "object_id": 5, "liked_num": 0}}, {"model": "likes.likecount", "pk": 36, "fields": {"content_type": 11, "object_id": 45, "liked_num": 0}}, {"model": "likes.likecount", "pk": 37, "fields": {"content_type": 11, "object_id": 47, "liked_num": 0}}, {"model": "likes.likecount", "pk": 38, "fields": {"content_type": 11, "object_id": 38, "liked_num": 0}}, {"model": "likes.likecount", "pk": 39, "fields": {"content_type": 11, "object_id": 39, "liked_num": 0}}, {"model": "likes.likecount", "pk": 40, "fields": {"content_type": 11, "object_id": 41, "liked_num": 0}}, {"model": "likes.likecount", "pk": 41, "fields": {"content_type": 11, "object_id": 29, "liked_num": 0}}, {"model": "likes.likecount", "pk": 42, "fields": {"content_type": 11, "object_id": 30, "liked_num": 0}}, {"model": "likes.likecount", "pk": 43, "fields": {"content_type": 11, "object_id": 31, "liked_num": 0}}, {"model": "likes.likecount", "pk": 44, "fields": {"content_type": 11, "object_id": 32, "liked_num": 0}}, {"model": "likes.likecount", "pk": 45, "fields": {"content_type": 11, "object_id": 33, "liked_num": 0}}, {"model": "likes.likecount", "pk": 46, "fields": {"content_type": 11, "object_id": 34, "liked_num": 0}}, {"model": "likes.likecount", "pk": 47, "fields": {"content_type": 11, "object_id": 35, "liked_num": 0}}, {"model": "likes.likecount", "pk": 48, "fields": {"content_type": 11, "object_id": 36, "liked_num": 0}}, {"model": "likes.likecount", "pk": 49, "fields": {"content_type": 11, "object_id": 23, "liked_num": 0}}, {"model": "likes.likecount", "pk": 50, "fields": {"content_type": 11, "object_id": 24, "liked_num": 0}}, {"model": "likes.likecount", "pk": 51, "fields": {"content_type": 11, "object_id": 25, "liked_num": 0}}, {"model": "likes.likecount", "pk": 52, "fields": {"content_type": 11, "object_id": 18, "liked_num": 0}}, {"model": "likes.likecount", "pk": 53, "fields": {"content_type": 11, "object_id": 19, "liked_num": 0}}, {"model": "likes.likecount", "pk": 54, "fields": {"content_type": 11, "object_id": 20, "liked_num": 0}}, {"model": "likes.likecount", "pk": 55, "fields": {"content_type": 11, "object_id": 21, "liked_num": 0}}, {"model": "likes.likecount", "pk": 56, "fields": {"content_type": 11, "object_id": 81, "liked_num": 1}}, {"model": "likes.likecount", "pk": 57, "fields": {"content_type": 11, "object_id": 82, "liked_num": 1}}, {"model": "likes.likecount", "pk": 58, "fields": {"content_type": 11, "object_id": 83, "liked_num": 1}}, {"model": "likes.likecount", "pk": 59, "fields": {"content_type": 11, "object_id": 84, "liked_num": 0}}, {"model": "likes.likecount", "pk": 60, "fields": {"content_type": 11, "object_id": 80, "liked_num": 0}}, {"model": "likes.likecount", "pk": 61, "fields": {"content_type": 11, "object_id": 78, "liked_num": 0}}, {"model": "likes.likecount", "pk": 62, "fields": {"content_type": 11, "object_id": 79, "liked_num": 0}}, {"model": "likes.likecount", "pk": 63, "fields": {"content_type": 11, "object_id": 85, "liked_num": 1}}, {"model": "likes.likecount", "pk": 64, "fields": {"content_type": 11, "object_id": 86, "liked_num": 1}}, {"model": "likes.likecount", "pk": 65, "fields": {"content_type": 11, "object_id": 87, "liked_num": 0}}, {"model": "likes.likecount", "pk": 66, "fields": {"content_type": 11, "object_id": 88, "liked_num": 0}}, {"model": "likes.likecount", "pk": 67, "fields": {"content_type": 11, "object_id": 89, "liked_num": 0}}, {"model": "likes.likecount", "pk": 68, "fields": {"content_type": 11, "object_id": 90, "liked_num": 0}}, {"model": "likes.likecount", "pk": 69, "fields": {"content_type": 11, "object_id": 91, "liked_num": 0}}, {"model": "likes.likecount", "pk": 70, "fields": {"content_type": 11, "object_id": 92, "liked_num": 0}}, {"model": "likes.likecount", "pk": 71, "fields": {"content_type": 7, "object_id": 22, "liked_num": 0}}, {"model": "likes.likecount", "pk": 72, "fields": {"content_type": 7, "object_id": 21, "liked_num": 0}}, {"model": "likes.likecount", "pk": 73, "fields": {"content_type": 7, "object_id": 20, "liked_num": 0}}, {"model": "likes.likecount", "pk": 74, "fields": {"content_type": 7, "object_id": 19, "liked_num": 0}}, {"model": "likes.likecount", "pk": 75, "fields": {"content_type": 7, "object_id": 18, "liked_num": 0}}, {"model": "likes.likecount", "pk": 76, "fields": {"content_type": 7, "object_id": 17, "liked_num": 0}}, {"model": "likes.likecount", "pk": 77, "fields": {"content_type": 7, "object_id": 16, "liked_num": 0}}, {"model": "likes.likecount", "pk": 78, "fields": {"content_type": 7, "object_id": 8, "liked_num": 0}}, {"model": "likes.likecount", "pk": 79, "fields": {"content_type": 7, "object_id": 7, "liked_num": 0}}, {"model": "likes.likecount", "pk": 80, "fields": {"content_type": 7, "object_id": 6, "liked_num": 0}}, {"model": "likes.likecount", "pk": 81, "fields": {"content_type": 7, "object_id": 5, "liked_num": 0}}, {"model": "likes.likecount", "pk": 82, "fields": {"content_type": 7, "object_id": 4, "liked_num": 0}}, {"model": "likes.likecount", "pk": 83, "fields": {"content_type": 7, "object_id": 3, "liked_num": 0}}, {"model": "likes.likecount", "pk": 84, "fields": {"content_type": 7, "object_id": 37, "liked_num": 0}}, {"model": "likes.likecount", "pk": 85, "fields": {"content_type": 11, "object_id": 68, "liked_num": 1}}, {"model": "likes.likecount", "pk": 86, "fields": {"content_type": 11, "object_id": 69, "liked_num": 0}}, {"model": "likes.likecount", "pk": 87, "fields": {"content_type": 11, "object_id": 70, "liked_num": 0}}, {"model": "likes.likecount", "pk": 88, "fields": {"content_type": 11, "object_id": 66, "liked_num": 0}}, {"model": "likes.likecount", "pk": 89, "fields": {"content_type": 11, "object_id": 67, "liked_num": 0}}, {"model": "likes.likecount", "pk": 90, "fields": {"content_type": 11, "object_id": 64, "liked_num": 0}}, {"model": "likes.likecount", "pk": 91, "fields": {"content_type": 11, "object_id": 65, "liked_num": 0}}, {"model": "likes.likecount", "pk": 92, "fields": {"content_type": 11, "object_id": 62, "liked_num": 0}}, {"model": "likes.likecount", "pk": 93, "fields": {"content_type": 11, "object_id": 63, "liked_num": 0}}, {"model": "likes.likecount", "pk": 94, "fields": {"content_type": 11, "object_id": 61, "liked_num": 0}}, {"model": "likes.likecount", "pk": 95, "fields": {"content_type": 11, "object_id": 60, "liked_num": 0}}, {"model": "likes.likecount", "pk": 96, "fields": {"content_type": 11, "object_id": 59, "liked_num": 0}}, {"model": "likes.likecount", "pk": 97, "fields": {"content_type": 11, "object_id": 57, "liked_num": 0}}, {"model": "likes.likecount", "pk": 98, "fields": {"content_type": 11, "object_id": 58, "liked_num": 0}}, {"model": "likes.likecount", "pk": 99, "fields": {"content_type": 11, "object_id": 55, "liked_num": 0}}, {"model": "likes.likecount", "pk": 100, "fields": {"content_type": 11, "object_id": 53, "liked_num": 0}}, {"model": "likes.likecount", "pk": 101, "fields": {"content_type": 11, "object_id": 54, "liked_num": 0}}, {"model": "likes.likecount", "pk": 102, "fields": {"content_type": 11, "object_id": 56, "liked_num": 0}}, {"model": "likes.likecount", "pk": 103, "fields": {"content_type": 11, "object_id": 52, "liked_num": 0}}, {"model": "likes.likecount", "pk": 104, "fields": {"content_type": 11, "object_id": 51, "liked_num": 0}}, {"model": "likes.likecount", "pk": 105, "fields": {"content_type": 11, "object_id": 50, "liked_num": 0}}, {"model": "likes.likecount", "pk": 106, "fields": {"content_type": 11, "object_id": 48, "liked_num": 0}}, {"model": "likes.likecount", "pk": 107, "fields": {"content_type": 11, "object_id": 93, "liked_num": 1}}, {"model": "likes.likecount", "pk": 108, "fields": {"content_type": 11, "object_id": 94, "liked_num": 0}}, {"model": "likes.likecount", "pk": 109, "fields": {"content_type": 11, "object_id": 95, "liked_num": 1}}, {"model": "likes.likecount", "pk": 110, "fields": {"content_type": 11, "object_id": 97, "liked_num": 0}}, {"model": "likes.likecount", "pk": 111, "fields": {"content_type": 11, "object_id": 96, "liked_num": 0}}, {"model": "likes.likecount", "pk": 112, "fields": {"content_type": 11, "object_id": 98, "liked_num": 0}}, {"model": "likes.likecount", "pk": 113, "fields": {"content_type": 11, "object_id": 99, "liked_num": 0}}, {"model": "likes.likecount", "pk": 114, "fields": {"content_type": 11, "object_id": 100, "liked_num": 0}}, {"model": "likes.likecount", "pk": 115, "fields": {"content_type": 11, "object_id": 102, "liked_num": 0}}, {"model": "likes.likecount", "pk": 116, "fields": {"content_type": 11, "object_id": 101, "liked_num": 0}}, {"model": "likes.likecount", "pk": 117, "fields": {"content_type": 11, "object_id": 104, "liked_num": 0}}, {"model": "likes.likecount", "pk": 118, "fields": {"content_type": 11, "object_id": 105, "liked_num": 0}}, {"model": "likes.likecount", "pk": 119, "fields": {"content_type": 11, "object_id": 106, "liked_num": 0}}, {"model": "likes.likecount", "pk": 120, "fields": {"content_type": 11, "object_id": 107, "liked_num": 0}}, {"model": "likes.likecount", "pk": 121, "fields": {"content_type": 11, "object_id": 111, "liked_num": 1}}, {"model": "likes.likecount", "pk": 122, "fields": {"content_type": 11, "object_id": 110, "liked_num": 0}}, {"model": "likes.likecount", "pk": 123, "fields": {"content_type": 11, "object_id": 109, "liked_num": 0}}, {"model": "likes.likecount", "pk": 124, "fields": {"content_type": 11, "object_id": 108, "liked_num": 0}}, {"model": "likes.likecount", "pk": 125, "fields": {"content_type": 11, "object_id": 112, "liked_num": 0}}, {"model": "likes.likecount", "pk": 126, "fields": {"content_type": 11, "object_id": 113, "liked_num": 0}}, {"model": "likes.likecount", "pk": 127, "fields": {"content_type": 11, "object_id": 114, "liked_num": 0}}, {"model": "likes.likecount", "pk": 128, "fields": {"content_type": 11, "object_id": 115, "liked_num": 0}}, {"model": "likes.likecount", "pk": 129, "fields": {"content_type": 11, "object_id": 116, "liked_num": 0}}, {"model": "likes.likerecord", "pk": 1, "fields": {"content_type": 7, "object_id": 30, "user": 2, "liked_time": "2021-02-24T14:34:48.697Z"}}, {"model": "likes.likerecord", "pk": 2, "fields": {"content_type": 7, "object_id": 29, "user": 2, "liked_time": "2021-02-24T14:36:23.348Z"}}, {"model": "likes.likerecord", "pk": 3, "fields": {"content_type": 7, "object_id": 28, "user": 2, "liked_time": "2021-02-24T14:37:10.394Z"}}, {"model": "likes.likerecord", "pk": 4, "fields": {"content_type": 7, "object_id": 28, "user": 1, "liked_time": "2021-02-24T14:37:57.995Z"}}, {"model": "likes.likerecord", "pk": 35, "fields": {"content_type": 11, "object_id": 82, "user": 1, "liked_time": "2021-02-25T01:48:28.403Z"}}, {"model": "likes.likerecord", "pk": 36, "fields": {"content_type": 11, "object_id": 81, "user": 1, "liked_time": "2021-02-25T01:48:30.413Z"}}, {"model": "likes.likerecord", "pk": 37, "fields": {"content_type": 11, "object_id": 83, "user": 1, "liked_time": "2021-02-25T01:48:38.205Z"}}, {"model": "likes.likerecord", "pk": 39, "fields": {"content_type": 11, "object_id": 85, "user": 1, "liked_time": "2021-02-25T01:50:14.490Z"}}, {"model": "likes.likerecord", "pk": 40, "fields": {"content_type": 11, "object_id": 86, "user": 1, "liked_time": "2021-02-25T01:50:26.677Z"}}, {"model": "likes.likerecord", "pk": 43, "fields": {"content_type": 7, "object_id": 36, "user": 1, "liked_time": "2021-02-25T02:00:51.379Z"}}, {"model": "likes.likerecord", "pk": 44, "fields": {"content_type": 11, "object_id": 68, "user": 1, "liked_time": "2021-02-25T02:00:55.541Z"}}, {"model": "likes.likerecord", "pk": 45, "fields": {"content_type": 11, "object_id": 93, "user": 1, "liked_time": "2021-02-25T02:01:02.518Z"}}, {"model": "likes.likerecord", "pk": 46, "fields": {"content_type": 7, "object_id": 29, "user": 1, "liked_time": "2021-02-25T04:44:42.195Z"}}, {"model": "likes.likerecord", "pk": 47, "fields": {"content_type": 11, "object_id": 95, "user": 1, "liked_time": "2021-02-25T04:44:48.121Z"}}, {"model": "likes.likerecord", "pk": 48, "fields": {"content_type": 11, "object_id": 111, "user": 1, "liked_time": "2021-02-26T02:09:51.129Z"}}, {"model": "user.profile", "pk": 1, "fields": {"user": 1, "nickname": "T_Knight"}}, {"model": "user.profile", "pk": 2, "fields": {"user": 2, "nickname": "骑士"}}]